SampleDate;Roskilde;Copenhagen;Aarhus;Frederiksberg;Kalundborg;Middelfart;Gentofte;Solrød;Allerød;Dragør;Helsingør;Hillerød;Rudersdal;Næstved;Aalborg;Vallensbæk;Esbjerg;Favrskov;Frederikssund;Furesø;Greve;Holbæk;Kolding;Odense;Silkeborg;Skanderborg;Vejle;Aabenraa;Ballerup;Egedal;Faxe;Fredericia;Faaborg-Midtfyn;Gladsaxe;Guldborgsund;Haderslev;Halsnæs;Herlev;Herning;Hjørring;Horsens;Hvidovre;Hørsholm;Køge;Lejre;Lolland;Lyngby-Taarbæk;Nordfyns;Nyborg;Randers;Rødovre;Skive;Slagelse;Sorø;Stevns;Svendborg;Syddjurs;Sønderborg;Vejen;Viborg;Vordingborg;Billund;Brøndby;Frederikshavn;Gribskov;Holstebro;Kerteminde;Mariagerfjord;Norddjurs;Odder;Odsherred;Rebild;Ringkøbing-Skjern;Vesthimmerlands;Glostrup;Høje-Taastrup;Jammerbugt;Morsø;Thisted;Tønder;Tårnby;Assens;Fredensborg;Ishøj;Lemvig;Albertslund;Bornholm;Ikast-Brande;Langeland;Ringsted;Struer;Brønderslev;Hedensted;Varde;Læsø;Ærø;Fanø;Samsø;"NA"
2020-02-26;1;0;0;0;0;0;0;0;0;0;0;0;0;0;0;0;0;0;0;0;0;0;0;0;0;0;0;0;0;0;0;0;0;0;0;0;0;0;0;0;0;0;0;0;0;0;0;0;0;0;0;0;0;0;0;0;0;0;0;0;0;0;0;0;0;0;0;0;0;0;0;0;0;0;0;0;0;0;0;0;0;0;0;0;0;0;0;0;0;0;0;0;0;0;0;0;0;0;0
2020-02-27;0;1;0;0;0;0;0;0;0;0;0;0;0;0;0;0;0;0;0;0;0;0;0;0;0;0;0;0;0;0;0;0;0;0;0;0;0;0;0;0;0;0;0;0;0;0;0;0;0;0;0;0;0;0;0;0;0;0;0;0;0;0;0;0;0;0;0;0;0;0;0;0;0;0;0;0;0;0;0;0;0;0;0;0;0;0;0;0;0;0;0;0;0;0;0;0;0;0;0
2020-02-28;0;0;1;0;0;0;0;0;0;0;0;0;0;0;0;0;0;0;0;0;0;0;0;0;0;0;0;0;0;0;0;0;0;0;0;0;0;0;0;0;0;0;0;0;0;0;0;0;0;0;0;0;0;0;0;0;0;0;0;0;0;0;0;0;0;0;0;0;0;0;0;0;0;0;0;0;0;0;0;0;0;0;0;0;0;0;0;0;0;0;0;0;0;0;0;0;0;0;0
2020-03-01;0;1;0;0;0;0;0;0;0;0;0;0;0;0;0;0;0;0;0;0;0;0;0;0;0;0;0;0;0;0;0;0;0;0;0;0;0;0;0;0;0;0;0;0;0;0;0;0;0;0;0;0;0;0;0;0;0;0;0;0;0;0;0;0;0;0;0;0;0;0;0;0;0;0;0;0;0;0;0;0;0;0;0;0;0;0;0;0;0;0;0;0;0;0;0;0;0;0;0
2020-03-02;0;1;0;1;1;1;0;0;0;0;0;0;0;0;0;0;0;0;0;0;0;0;0;0;0;0;0;0;0;0;0;0;0;0;0;0;0;0;0;0;0;0;0;0;0;0;0;0;0;0;0;0;0;0;0;0;0;0;0;0;0;0;0;0;0;0;0;0;0;0;0;0;0;0;0;0;0;0;0;0;0;0;0;0;0;0;0;0;0;0;0;0;0;0;0;0;0;0;0
2020-03-03;0;4;0;0;0;0;0;0;0;0;0;0;0;0;0;0;0;0;0;0;0;0;0;0;0;0;0;0;0;0;0;0;0;0;0;0;0;0;0;0;0;0;0;0;0;0;0;0;0;0;0;0;0;0;0;0;0;0;0;0;0;0;0;0;0;0;0;0;0;0;0;0;0;0;0;0;0;0;0;0;0;0;0;0;0;0;0;0;0;0;0;0;0;0;0;0;0;0;0
2020-03-04;0;1;0;0;0;0;1;1;0;0;0;0;0;0;0;0;0;0;0;0;0;0;0;0;0;0;0;0;0;0;0;0;0;0;0;0;0;0;0;0;0;0;0;0;0;0;0;0;0;0;0;0;0;0;0;0;0;0;0;0;0;0;0;0;0;0;0;0;0;0;0;0;0;0;0;0;0;0;0;0;0;0;0;0;0;0;0;0;0;0;0;0;0;0;0;0;0;0;0
2020-03-05;0;2;0;2;0;0;0;0;1;1;2;1;1;0;0;0;0;0;0;0;0;0;0;0;0;0;0;0;0;0;0;0;0;0;0;0;0;0;0;0;0;0;0;0;0;0;0;0;0;0;0;0;0;0;0;0;0;0;0;0;0;0;0;0;0;0;0;0;0;0;0;0;0;0;0;0;0;0;0;0;0;0;0;0;0;0;0;0;0;0;0;0;0;0;0;0;0;0;0
2020-03-06;0;0;0;0;0;0;0;0;0;0;0;0;0;1;1;0;0;0;0;0;0;0;0;0;0;0;0;0;0;0;0;0;0;0;0;0;0;0;0;0;0;0;0;0;0;0;0;0;0;0;0;0;0;0;0;0;0;0;0;0;0;0;0;0;0;0;0;0;0;0;0;0;0;0;0;0;0;0;0;0;0;0;0;0;0;0;0;0;0;0;0;0;0;0;0;0;0;0;0
2020-03-07;0;1;1;1;0;0;0;0;0;0;0;2;3;0;0;1;0;0;0;0;0;0;0;0;0;0;0;0;0;0;0;0;0;0;0;0;0;0;0;0;0;0;0;0;0;0;0;0;0;0;0;0;0;0;0;0;0;0;0;0;0;0;0;0;0;0;0;0;0;0;0;0;0;0;0;0;0;0;0;0;0;0;0;0;0;0;0;0;0;0;0;0;0;0;0;0;0;0;0
2020-03-08;1;3;15;2;0;0;1;0;1;0;0;0;2;1;1;0;1;1;2;1;1;1;4;1;2;4;1;2;0;0;0;0;0;0;0;0;0;0;0;0;0;0;0;0;0;0;0;0;0;0;0;0;0;0;0;0;0;0;0;0;0;0;0;0;0;0;0;0;0;0;0;0;0;0;0;0;0;0;0;0;0;0;0;0;0;0;0;0;0;0;0;0;0;0;0;0;0;0;0
2020-03-09;2;23;25;6;1;5;5;4;0;0;9;2;2;7;6;1;11;1;0;2;2;2;6;8;6;2;5;2;2;1;2;1;2;3;2;1;2;1;5;2;1;1;4;2;2;3;6;1;1;2;1;1;1;2;3;3;1;2;1;1;2;0;0;0;0;0;0;0;0;0;0;0;0;0;0;0;0;0;0;0;0;0;0;0;0;0;0;0;0;0;0;0;0;0;0;0;0;0;0
2020-03-10;6;50;37;13;1;2;13;1;3;0;7;4;6;0;5;1;4;4;2;0;7;1;5;3;4;13;1;1;1;1;0;3;2;1;2;1;2;2;2;0;1;1;3;4;0;0;3;1;1;2;1;3;0;0;0;1;0;0;0;1;3;1;1;2;1;1;1;2;1;1;2;3;2;1;0;0;0;0;0;0;0;0;0;0;0;0;0;0;0;0;0;0;0;0;0;0;0;0;0
2020-03-11;4;29;12;8;0;2;11;3;0;3;2;1;7;4;11;1;4;0;1;1;4;0;10;6;8;0;4;2;1;4;1;4;5;6;1;0;1;0;3;2;0;0;1;2;0;1;3;1;0;1;0;0;3;0;0;0;0;1;1;0;0;1;3;1;0;0;0;4;0;1;4;1;0;0;1;1;1;1;2;2;3;0;0;0;0;0;0;0;0;0;0;0;0;0;0;0;0;0;0
2020-03-12;0;6;5;2;0;0;2;0;0;0;0;0;2;1;2;0;0;0;0;0;1;0;1;1;0;1;1;0;1;0;0;0;1;0;0;0;0;0;0;0;0;0;0;2;0;0;1;1;0;0;1;0;2;0;0;1;0;0;0;0;0;0;0;0;0;0;1;0;0;0;0;0;1;0;0;0;0;0;0;0;1;1;1;1;1;0;0;0;0;0;0;0;0;0;0;0;0;0;0
2020-03-13;0;9;3;2;0;0;2;0;0;0;0;1;2;0;0;1;0;0;0;0;2;0;0;0;0;0;0;0;1;0;0;0;1;0;1;0;0;0;1;0;0;0;0;0;0;0;0;0;0;0;0;0;0;0;0;0;0;0;0;2;0;0;0;0;3;1;0;0;0;0;0;1;0;0;0;0;0;0;0;0;0;0;0;0;0;0;0;0;0;0;0;0;0;0;0;0;0;0;0
2020-03-14;0;3;2;3;0;1;2;0;0;0;0;0;0;0;1;0;0;0;0;0;0;0;1;2;0;0;0;0;1;0;0;1;0;2;0;0;0;0;2;0;1;1;0;3;0;0;0;0;0;0;1;0;2;2;0;0;0;0;0;0;0;0;2;0;0;0;0;0;0;1;0;0;0;1;0;0;0;1;0;0;0;0;0;0;0;1;0;0;0;0;0;0;0;0;0;0;0;0;0
2020-03-15;2;10;0;0;0;0;1;0;0;0;0;0;1;1;1;0;0;0;0;0;0;0;0;0;0;0;1;0;0;1;1;0;0;1;0;0;0;0;0;1;0;2;1;2;0;0;0;0;0;2;2;0;4;0;0;1;0;0;0;0;0;0;2;0;0;1;0;0;0;0;0;0;0;0;1;0;0;0;1;0;1;0;1;0;0;0;1;1;1;0;0;0;0;0;0;0;0;0;0
2020-03-16;1;23;0;3;0;0;2;0;0;0;2;1;1;1;0;0;1;0;1;1;1;2;0;1;0;0;0;0;2;2;1;0;1;3;0;0;0;1;2;0;0;0;0;1;0;1;4;0;0;0;1;0;5;1;0;3;0;0;0;0;0;0;1;0;0;0;0;0;0;0;0;0;0;0;1;0;1;0;0;0;1;0;0;0;0;0;0;0;0;1;0;0;0;0;0;0;0;0;0
2020-03-17;2;21;3;2;0;0;2;0;0;0;1;0;1;2;3;1;1;1;0;3;0;0;1;0;0;0;0;0;1;0;1;1;1;5;0;0;0;1;2;0;0;0;1;2;0;0;3;0;1;0;0;0;3;0;0;0;0;0;1;1;0;0;2;1;0;0;0;0;0;0;0;0;0;0;2;0;0;0;0;0;1;0;0;0;0;2;0;0;0;0;0;0;0;0;0;0;0;0;0
2020-03-18;0;20;4;3;2;1;4;0;1;1;1;2;2;0;4;0;1;1;2;0;0;0;0;0;2;0;1;0;2;0;0;0;0;2;0;0;0;0;0;1;0;1;0;0;1;1;0;0;0;1;2;1;9;1;0;1;0;0;0;0;0;0;2;0;1;2;0;0;0;0;0;0;0;0;1;1;0;0;1;0;0;0;0;0;0;0;0;0;0;0;0;0;0;0;0;0;0;0;0
2020-03-19;3;20;7;5;2;1;4;0;0;1;3;0;0;0;4;0;4;1;0;2;0;0;4;3;1;0;2;0;2;0;0;0;0;3;0;0;1;2;9;0;0;1;1;0;0;0;1;0;0;0;0;0;1;0;0;1;0;1;0;0;0;0;1;0;3;2;0;0;0;0;0;0;0;0;0;1;0;0;1;0;1;0;1;0;2;1;2;1;0;0;1;0;0;0;0;0;0;0;0
2020-03-20;0;22;1;3;2;1;4;0;0;0;2;1;1;0;5;1;4;0;1;3;0;2;3;0;1;0;2;0;2;1;1;0;1;1;1;0;0;1;1;0;0;0;1;1;1;1;1;0;1;1;1;0;8;1;1;1;0;0;1;0;0;0;0;0;0;2;0;0;0;0;0;0;1;0;2;2;0;0;0;0;1;0;0;1;1;1;2;0;0;0;1;0;0;0;0;0;0;0;0
2020-03-21;1;6;0;2;0;0;2;0;0;0;2;3;1;0;0;1;1;0;1;1;0;1;0;0;0;0;2;0;0;1;1;1;0;1;0;0;0;0;2;0;0;0;1;1;0;0;1;0;1;0;0;1;4;0;0;1;0;0;0;1;0;0;1;0;3;1;0;0;0;0;0;0;0;1;0;0;0;0;0;0;0;0;0;1;0;0;0;0;0;0;0;0;0;0;0;0;0;0;0
2020-03-22;0;14;3;3;2;0;4;0;0;0;2;2;0;2;0;0;1;0;0;1;0;1;2;0;0;0;0;0;0;1;2;0;0;4;0;0;1;0;1;0;1;0;0;1;0;1;0;0;1;2;0;0;1;0;0;1;0;0;0;0;0;0;0;0;3;1;0;1;0;0;1;0;1;0;0;0;0;0;0;0;0;0;0;0;0;0;0;0;0;0;0;1;0;0;0;0;0;0;0
2020-03-23;3;28;6;3;0;2;9;2;1;0;1;0;1;1;6;3;0;1;0;2;1;0;2;1;0;1;0;0;2;0;0;0;2;2;0;0;0;1;5;1;1;3;4;3;0;1;2;2;0;0;2;1;5;1;0;1;0;0;0;1;0;0;2;0;2;1;0;1;0;0;0;0;2;1;0;1;0;0;1;0;2;1;1;0;0;0;0;0;0;0;1;0;1;0;0;0;0;0;0
2020-03-24;3;29;3;6;0;1;5;0;0;0;2;3;1;0;6;1;3;1;1;1;1;2;1;4;0;0;2;1;0;1;0;2;1;4;1;0;1;1;3;0;1;2;0;2;1;0;1;0;0;0;2;1;2;3;1;5;0;0;0;2;0;1;3;0;3;0;0;0;0;0;0;0;1;1;1;1;0;0;0;0;1;1;2;0;0;0;2;2;0;2;1;0;1;1;0;0;0;0;0
2020-03-25;5;26;1;8;3;0;1;2;0;0;3;1;2;1;4;3;3;0;1;0;3;4;5;1;2;2;2;0;2;2;0;2;0;3;0;0;0;0;9;1;1;5;2;4;0;0;2;0;2;1;2;0;5;0;0;4;0;0;0;3;1;0;3;0;0;1;0;2;1;0;0;0;1;0;2;1;1;0;0;0;1;0;2;0;0;0;1;0;0;1;0;0;0;0;0;0;0;0;0
2020-03-26;2;26;8;7;2;2;5;1;0;0;2;3;2;1;7;3;1;1;3;0;1;2;5;4;2;0;1;0;1;5;1;3;0;7;2;0;0;1;3;0;0;2;2;2;0;0;1;0;0;0;0;1;2;3;0;2;0;1;2;4;0;0;0;1;2;3;1;0;1;1;0;0;3;0;3;1;1;1;0;0;5;0;0;3;0;1;4;0;0;0;0;2;0;1;0;0;0;0;0
2020-03-27;3;49;5;11;2;0;6;1;2;0;0;3;2;0;5;2;9;2;2;1;5;1;2;5;0;0;2;1;5;2;0;2;1;4;1;0;1;0;5;0;1;4;3;5;0;1;3;1;1;1;4;0;6;0;0;4;0;0;1;1;0;0;2;1;3;4;0;1;0;0;1;0;4;0;0;5;1;0;2;1;1;0;3;0;0;1;3;0;1;2;2;0;0;0;0;0;0;0;0
2020-03-28;1;53;2;8;1;0;1;2;1;1;0;5;1;3;4;0;6;0;1;0;1;0;0;6;1;2;3;0;3;1;4;0;0;5;0;1;1;3;5;1;1;4;1;0;0;0;5;0;2;0;4;0;6;1;2;1;0;0;2;1;1;0;0;0;7;4;0;1;0;0;1;0;4;2;1;11;0;0;0;0;0;1;1;1;0;1;1;0;0;1;0;2;1;1;1;0;0;0;0
2020-03-29;1;40;1;5;0;0;4;0;0;0;1;1;1;3;5;0;1;0;0;2;1;0;4;1;0;1;1;0;1;0;0;1;0;2;1;0;0;1;0;1;0;3;3;2;1;0;3;0;1;0;2;0;3;2;0;0;2;0;0;1;1;0;2;0;1;0;0;0;1;0;0;0;1;0;5;3;2;0;0;1;1;1;1;0;0;1;0;1;0;0;0;1;0;1;0;0;0;0;0
2020-03-30;12;48;11;17;2;2;8;1;2;1;3;1;5;3;3;2;6;1;3;2;4;2;1;8;2;1;6;1;5;7;2;3;1;4;2;0;1;2;8;2;1;7;3;6;3;5;5;0;2;2;5;0;7;3;0;4;1;1;1;2;1;1;2;0;3;8;2;0;0;0;0;2;3;1;4;4;0;0;1;0;2;1;1;5;1;4;5;0;0;3;0;2;0;0;0;0;0;0;0
2020-03-31;2;48;6;11;0;0;6;2;0;0;0;2;1;5;2;4;4;0;3;2;2;2;2;8;2;0;1;0;6;5;2;1;0;6;0;0;1;3;13;2;0;3;0;3;3;1;2;0;1;1;1;0;9;3;1;2;1;0;0;3;0;0;5;2;4;15;0;0;0;0;0;0;5;3;4;5;0;0;0;1;1;1;0;2;1;0;0;2;0;3;1;9;0;2;0;1;0;0;0
2020-04-01;1;44;14;8;2;3;6;1;1;0;5;1;8;3;4;1;5;0;2;1;0;4;4;4;6;0;4;2;4;4;1;0;0;4;2;0;3;5;11;0;2;13;1;2;0;3;4;1;0;0;6;0;10;1;0;4;0;1;2;3;1;0;2;0;0;9;2;0;0;0;0;2;2;8;4;6;0;0;1;2;1;0;0;1;1;1;4;2;0;2;4;1;0;2;0;0;0;0;0
2020-04-02;7;60;16;16;2;3;5;1;0;2;10;3;6;6;9;3;6;0;4;3;2;9;6;7;5;1;8;1;7;2;1;4;1;8;2;2;0;5;3;1;3;6;5;9;1;3;3;1;2;3;3;3;15;4;1;4;1;1;0;4;0;0;5;1;3;7;2;0;0;0;2;1;0;7;5;4;1;0;0;1;5;2;5;2;1;4;2;3;0;0;0;6;0;1;0;1;0;0;0
2020-04-03;3;96;19;11;4;3;7;0;1;1;5;4;2;3;7;6;7;0;6;2;2;9;7;13;2;3;10;3;6;9;1;4;2;13;2;0;2;8;19;1;2;17;5;4;2;2;9;2;0;1;5;2;14;3;1;6;0;2;1;3;1;1;10;2;3;12;0;4;0;0;1;0;3;5;8;3;2;0;2;1;5;1;1;0;2;4;8;1;0;1;0;5;1;0;0;0;0;0;0
2020-04-04;1;93;2;16;2;1;4;3;1;1;0;2;3;1;3;4;4;0;3;5;2;0;3;4;1;3;0;1;7;10;0;0;0;9;0;1;0;3;3;1;2;9;0;4;1;0;2;0;0;0;2;0;9;1;1;0;0;1;1;1;0;0;3;0;1;14;0;0;1;0;0;0;2;0;6;3;1;0;3;0;4;0;2;4;1;8;8;0;0;1;0;0;0;0;0;0;0;0;0
2020-04-05;1;43;4;3;1;0;0;1;1;1;3;1;2;1;0;1;1;0;1;2;2;2;2;2;1;1;1;0;1;6;1;1;0;4;1;0;0;3;4;1;0;2;2;2;1;1;3;0;0;0;4;0;3;0;0;2;0;0;3;2;0;0;6;0;0;5;0;1;0;0;1;1;1;1;4;4;1;0;0;0;1;0;0;2;0;1;1;0;0;0;2;0;0;0;0;0;0;0;0
2020-04-06;5;97;20;19;1;3;10;1;1;2;3;1;3;6;5;4;3;2;6;2;6;7;5;7;8;1;5;1;3;6;0;2;2;7;0;1;1;2;12;2;1;13;1;7;2;0;3;0;4;0;1;2;19;4;1;4;0;0;3;1;0;1;5;1;2;16;1;2;0;1;3;0;0;3;5;2;1;1;3;1;3;2;5;4;1;8;2;2;0;1;2;3;2;2;0;0;0;0;0
2020-04-07;9;61;12;8;2;2;2;4;0;2;4;3;4;3;3;2;7;3;1;5;3;4;4;8;6;1;2;4;4;6;3;0;0;8;3;2;1;4;10;0;3;13;1;3;0;1;11;0;2;0;4;2;15;1;0;2;0;0;1;2;0;0;4;1;0;10;0;0;0;0;1;0;4;0;12;3;3;0;2;0;10;0;1;2;0;5;1;9;0;1;4;0;0;0;0;1;0;0;0
2020-04-08;3;65;13;9;1;0;3;0;1;2;4;3;1;5;1;4;2;0;2;1;6;5;3;4;4;0;0;4;11;9;1;0;0;7;2;0;3;5;10;0;3;9;1;5;2;1;3;1;0;0;7;2;13;1;0;3;1;0;0;4;4;0;4;1;1;7;0;0;0;0;1;0;2;3;0;0;0;0;2;0;2;0;0;3;1;3;3;2;1;2;0;0;1;1;0;0;0;0;0
2020-04-09;3;29;5;3;2;0;5;0;0;0;2;0;0;3;1;2;1;2;2;0;1;0;1;1;0;0;1;3;2;1;0;0;0;4;1;0;0;2;6;2;2;6;0;0;1;0;4;0;0;1;3;0;3;2;0;3;0;0;0;0;1;0;0;0;0;4;1;1;0;0;1;0;2;2;2;3;2;0;0;0;1;1;0;2;0;1;0;0;0;1;1;0;0;0;0;0;0;0;0
2020-04-10;2;27;1;8;0;0;2;0;1;0;2;1;2;3;4;1;0;0;0;0;0;3;0;7;4;0;0;0;6;3;0;0;0;3;1;0;1;3;1;0;0;3;0;0;1;1;1;0;0;0;4;2;7;0;0;0;0;0;0;1;0;0;2;0;0;5;0;0;0;0;2;0;1;1;2;8;0;0;2;0;4;0;0;1;0;2;2;0;0;1;0;0;2;0;0;0;0;0;0
2020-04-11;0;25;3;4;0;0;2;0;1;1;0;2;0;3;1;0;2;0;0;1;0;2;1;4;3;3;0;1;5;6;2;0;0;5;0;0;0;1;9;0;0;4;0;0;1;1;2;0;0;0;2;1;4;0;2;1;1;0;0;2;0;3;1;0;1;4;0;0;1;0;0;0;2;0;2;4;0;0;1;1;0;1;2;1;0;1;1;3;0;0;1;0;1;0;0;0;0;0;0
2020-04-12;3;27;3;3;0;2;2;0;0;1;3;1;0;3;4;3;1;0;1;2;1;3;0;2;2;0;0;0;5;4;0;0;0;3;1;0;4;5;8;0;0;7;0;1;2;0;5;0;1;0;3;0;3;0;0;3;0;1;0;2;0;2;3;0;1;3;0;0;0;0;0;0;0;1;1;3;1;2;0;0;0;0;0;5;1;3;0;0;0;2;1;0;1;0;0;1;0;0;0
2020-04-13;3;32;9;5;1;0;4;0;0;1;0;2;2;3;1;2;1;0;1;1;0;1;0;0;3;3;0;2;4;2;0;0;0;6;1;0;0;3;4;0;0;8;0;0;2;0;2;0;1;0;7;1;7;0;0;0;2;0;1;1;0;0;2;0;0;3;0;0;0;0;0;0;2;1;2;5;0;1;1;0;0;1;0;3;0;2;0;0;0;0;3;1;0;0;0;0;0;0;0
2020-04-14;2;35;3;10;2;0;5;3;0;0;0;3;4;3;1;3;0;2;1;4;2;6;3;8;6;0;1;2;4;4;2;1;1;9;2;0;0;1;12;0;2;5;2;3;1;4;3;0;5;1;6;3;10;2;1;2;1;0;0;2;2;0;4;0;0;8;1;0;0;0;3;0;5;0;6;6;0;0;1;1;3;0;1;2;1;13;0;0;0;3;0;0;0;0;0;0;0;0;0
2020-04-15;4;36;2;10;2;0;16;0;0;0;2;3;2;4;3;1;1;0;1;0;1;3;1;0;1;0;1;2;3;3;2;0;3;2;1;0;0;1;7;0;0;12;1;3;1;1;2;1;1;0;0;0;4;1;1;1;0;0;0;3;0;1;6;0;1;9;0;0;0;0;1;0;1;1;2;3;0;2;1;0;1;2;2;3;0;5;1;3;0;1;1;1;0;0;0;0;0;0;0
2020-04-16;4;34;6;4;1;1;1;1;0;0;0;1;1;3;2;0;0;0;1;1;1;1;0;7;4;1;0;2;7;4;0;0;0;5;1;0;1;0;4;1;2;1;1;1;3;1;3;0;1;0;5;1;3;1;2;2;1;0;0;6;1;1;3;0;0;9;0;2;0;0;0;0;1;0;0;5;0;0;0;0;2;2;2;4;2;4;0;4;1;0;1;0;0;0;0;0;0;0;0
2020-04-17;4;28;4;4;1;0;2;0;0;0;0;2;3;3;0;1;0;0;2;2;1;4;0;4;5;0;1;0;3;5;2;0;0;4;6;0;0;0;5;0;0;7;1;1;2;8;3;0;0;0;4;0;5;2;0;1;0;0;0;3;4;2;3;0;0;6;0;0;0;0;0;0;0;1;5;2;0;2;1;0;0;0;0;3;0;2;2;0;0;0;0;0;0;2;0;0;0;0;0
2020-04-18;3;27;2;3;1;0;1;0;0;0;3;1;4;2;0;1;1;0;1;0;0;0;0;1;1;2;0;0;1;5;1;0;0;0;2;0;0;2;2;0;0;0;0;0;0;5;0;0;0;0;0;1;2;1;0;0;0;0;0;2;3;0;1;0;0;5;0;1;0;0;1;0;1;0;1;2;0;1;0;0;0;0;0;3;0;4;0;0;1;1;1;0;0;0;0;0;0;0;0
2020-04-19;2;23;2;7;0;0;2;0;0;0;2;0;3;6;0;2;0;0;2;0;1;1;0;3;0;0;0;0;2;2;2;0;0;2;6;0;1;3;4;0;0;1;0;2;1;2;0;0;0;0;0;1;2;0;0;0;0;0;0;0;3;1;2;0;0;7;0;0;0;0;1;0;0;0;3;0;0;1;1;0;0;0;0;3;1;1;0;0;0;0;0;0;0;0;0;0;0;0;0
2020-04-20;1;44;1;7;1;0;0;0;1;1;1;2;1;2;0;4;0;0;3;1;0;8;1;2;0;1;0;0;7;4;0;0;0;5;3;0;2;4;3;0;2;7;0;1;1;4;0;0;0;0;6;0;9;3;1;1;1;0;0;4;1;2;5;0;2;12;0;4;0;0;1;0;1;0;3;8;0;1;1;0;3;0;1;5;1;10;2;0;0;0;0;0;0;0;0;0;0;0;0
2020-04-21;3;39;1;7;5;2;4;0;0;2;4;0;2;4;0;3;2;0;3;0;1;9;0;2;3;0;0;1;2;10;2;1;0;2;5;0;1;1;0;0;0;14;0;3;0;3;2;1;0;0;2;4;4;0;1;1;0;1;0;6;2;0;4;0;0;4;0;0;0;0;4;1;0;0;1;2;0;2;0;0;2;0;2;6;0;4;1;0;1;0;0;2;0;0;0;0;0;0;0
2020-04-22;3;46;1;2;1;0;3;0;2;1;1;6;5;1;0;2;0;0;1;2;1;7;1;1;2;1;0;0;4;15;3;0;0;7;1;0;1;0;8;0;0;16;1;3;0;2;2;0;0;0;1;5;8;0;0;0;0;0;0;4;3;0;5;0;1;6;0;2;0;0;1;1;1;0;5;4;2;0;0;0;2;0;2;5;1;9;2;2;0;0;1;0;0;0;0;0;0;0;0
2020-04-23;6;35;4;5;1;0;8;0;0;0;2;1;8;6;2;2;0;0;3;0;2;5;1;1;7;0;1;1;4;11;1;0;0;6;5;0;0;3;7;0;1;3;0;0;3;6;2;0;0;0;6;1;12;0;0;0;0;1;0;3;2;0;2;0;2;6;1;0;0;0;1;0;1;0;3;6;0;0;1;0;4;0;4;10;0;7;1;2;0;0;0;0;0;2;0;0;0;0;0
2020-04-24;4;41;6;5;2;0;3;1;1;2;2;1;1;2;1;2;2;0;4;0;2;4;0;0;3;0;0;1;0;5;0;0;0;4;1;0;0;2;3;0;1;3;0;2;0;4;1;0;0;2;1;1;3;0;3;1;0;0;0;0;1;0;2;0;1;5;0;0;0;0;6;0;1;0;2;3;0;1;0;0;1;0;3;3;1;2;0;4;0;0;0;0;0;1;0;0;0;0;0
2020-04-25;1;30;3;3;2;0;1;2;0;0;1;2;4;1;2;0;0;0;0;0;2;4;0;7;2;2;0;0;1;1;2;0;0;2;1;0;0;0;4;0;1;3;1;3;0;0;3;0;0;0;2;1;3;1;0;1;0;0;0;1;0;0;2;1;0;9;0;0;1;1;1;0;2;1;1;2;0;0;0;0;2;0;2;3;1;1;2;1;0;0;0;1;0;0;0;0;0;0;0
2020-04-26;0;30;2;5;0;0;0;4;0;0;10;1;1;0;1;1;2;0;3;0;3;2;0;0;0;0;0;0;1;3;1;0;0;2;0;0;0;0;2;0;0;3;0;3;1;1;3;0;1;1;2;0;2;0;0;1;0;1;0;2;1;2;2;0;1;4;0;0;0;0;0;0;3;0;1;0;1;0;0;0;2;0;3;1;0;0;0;1;0;0;0;2;0;0;0;0;0;0;0
2020-04-27;6;44;2;6;0;0;5;0;0;0;4;2;5;12;1;3;1;0;1;0;2;4;0;0;2;0;0;0;2;1;0;0;1;9;4;0;2;3;2;0;0;8;0;0;0;7;3;0;0;1;0;3;13;0;0;1;0;0;0;0;6;1;5;0;3;4;0;1;1;0;4;0;1;2;3;4;0;0;0;0;3;0;2;4;1;4;3;1;0;3;0;1;0;0;0;0;0;0;0
2020-04-28;2;33;4;5;0;0;1;1;1;0;0;0;2;2;0;1;0;0;1;1;0;3;0;0;0;2;0;0;2;5;3;0;0;7;1;0;0;4;4;0;0;4;0;0;2;3;2;0;0;1;2;1;8;1;0;0;0;0;0;0;0;0;0;0;1;6;0;0;0;0;2;0;3;0;5;2;0;0;0;0;0;0;0;3;0;1;0;1;0;1;2;0;0;0;0;0;0;0;0
2020-04-29;1;23;6;7;1;0;2;0;0;0;6;2;0;2;1;2;2;0;3;1;0;3;0;0;0;0;1;3;2;3;0;0;0;6;0;0;0;4;3;0;0;5;1;0;0;2;3;0;0;0;2;1;10;0;0;0;0;0;0;1;0;0;3;0;0;2;0;0;0;0;1;0;2;1;2;3;1;0;0;0;2;0;3;4;0;0;3;1;0;1;1;0;0;0;0;0;0;0;0
2020-04-30;4;36;5;4;1;0;2;1;1;0;4;2;3;3;1;1;0;0;1;2;1;3;0;1;0;0;0;0;3;1;1;0;0;5;2;0;1;1;2;0;0;1;1;1;0;1;3;0;1;0;1;0;8;2;0;0;0;0;0;1;2;0;2;2;3;3;0;0;0;0;0;0;0;1;5;5;1;0;0;0;1;0;2;3;0;1;0;1;0;1;0;0;1;0;0;0;0;0;0
2020-05-01;6;27;5;3;5;0;3;0;0;0;2;2;0;2;6;2;0;0;1;2;1;0;1;1;1;0;1;1;2;3;0;0;0;4;0;0;0;3;1;2;0;7;0;2;0;0;2;0;0;0;0;1;4;1;0;0;0;1;0;0;2;0;4;1;0;3;0;1;0;0;1;0;5;1;2;1;2;0;0;0;2;0;3;5;0;3;0;0;0;1;0;6;0;0;0;0;0;0;0
2020-05-02;2;16;6;11;1;0;0;0;1;0;8;0;3;6;0;2;0;1;1;0;1;1;1;4;0;1;0;0;3;1;1;0;0;1;0;0;1;2;3;0;1;0;0;0;0;0;0;0;1;0;2;1;8;3;0;0;0;0;0;2;5;0;2;0;0;3;0;0;0;0;1;0;0;1;0;2;0;0;0;0;0;0;1;1;1;0;0;1;0;0;0;1;0;0;0;0;0;0;0
2020-05-03;0;21;5;9;1;0;3;0;0;0;2;0;0;2;0;0;0;1;1;0;1;0;0;5;0;0;0;0;2;0;0;0;0;2;1;0;0;1;1;0;0;3;1;1;2;0;0;0;0;0;1;0;0;2;0;0;0;0;0;1;0;0;0;0;0;1;0;0;0;0;0;0;0;0;0;3;1;0;0;0;0;0;0;0;0;1;0;1;0;1;0;1;0;0;0;0;0;0;0
2020-05-04;2;24;1;8;0;0;1;0;0;0;5;1;4;1;0;2;0;0;0;0;1;1;1;0;0;0;0;0;1;3;1;0;0;6;1;0;0;2;2;0;0;4;0;5;1;1;0;0;0;0;3;0;10;1;0;0;0;2;0;1;0;0;1;0;0;0;0;0;0;0;1;0;1;0;1;4;0;0;0;0;0;0;1;6;1;2;0;2;0;3;0;0;0;1;0;0;0;0;0
2020-05-05;2;26;1;8;4;0;2;0;0;0;2;0;0;4;0;0;2;0;2;0;3;3;0;2;0;0;0;0;5;3;1;0;0;2;1;0;3;3;3;1;0;5;0;1;0;1;2;0;0;2;1;0;10;1;0;0;0;0;0;1;2;0;1;0;0;1;0;0;0;0;0;0;0;1;2;3;0;0;0;1;1;0;0;1;0;0;0;0;0;2;0;0;0;0;0;0;0;0;0
2020-05-06;1;30;3;6;0;0;1;0;0;0;5;0;3;2;0;0;1;0;4;2;1;1;1;0;0;0;0;0;6;0;0;0;0;0;1;0;1;1;1;0;0;5;1;1;3;0;1;0;0;0;1;0;1;1;1;0;0;0;0;0;0;0;1;0;0;2;0;0;0;0;0;0;0;0;4;5;0;0;0;0;2;0;1;2;0;0;0;0;0;2;0;0;0;0;0;0;0;0;0
2020-05-07;5;20;3;4;0;0;3;0;0;0;2;1;0;3;1;0;0;1;1;2;2;10;1;0;0;0;0;0;1;8;0;1;0;1;0;0;0;3;4;0;0;7;1;1;0;0;0;0;0;0;1;0;3;2;0;0;0;0;1;0;3;0;3;0;1;2;0;0;0;0;2;0;0;0;4;7;0;0;0;0;0;0;2;3;0;1;0;0;0;1;0;0;0;0;0;0;0;0;0
2020-05-08;3;13;2;4;0;0;1;0;0;1;2;1;5;1;0;1;0;0;0;0;1;0;0;2;0;0;0;1;3;3;0;0;0;3;0;0;1;2;2;0;0;3;1;0;0;0;1;0;0;0;0;0;3;0;0;0;0;0;0;1;1;0;1;0;2;0;0;0;0;0;0;0;0;0;0;0;0;0;0;0;0;0;0;3;0;1;0;0;0;0;0;0;0;0;0;0;0;0;0
2020-05-09;2;13;0;3;0;0;4;0;0;0;2;0;1;1;0;0;0;0;1;2;0;3;0;0;0;0;0;0;1;1;0;0;0;2;1;0;0;4;1;1;0;1;0;1;0;0;0;0;0;1;2;0;0;0;0;0;0;0;0;0;0;0;1;0;0;0;0;0;0;0;0;0;1;0;3;2;0;0;0;0;0;0;4;0;0;1;0;1;0;3;0;0;0;0;0;0;0;0;0
2020-05-10;3;11;1;3;0;0;3;0;1;0;1;2;0;2;4;0;0;0;1;3;0;0;1;2;0;0;1;0;2;0;0;0;0;1;0;0;0;3;0;0;0;0;1;1;0;0;0;0;0;0;0;0;0;1;0;0;0;0;0;0;0;0;2;0;0;1;0;0;0;0;1;0;0;0;1;1;0;0;0;0;0;0;1;0;0;1;0;1;0;0;0;0;0;0;0;0;0;0;0
2020-05-11;0;12;0;3;0;0;2;0;0;0;4;1;3;1;0;0;0;0;3;1;0;1;1;6;0;0;3;0;0;2;0;0;0;1;1;0;1;1;0;1;1;1;1;2;1;0;0;0;0;1;2;0;1;0;2;1;0;0;0;0;1;1;4;0;2;1;0;0;0;0;0;0;0;0;4;0;0;0;0;0;0;0;1;0;0;1;0;0;0;2;0;0;0;0;0;0;0;0;0
2020-05-12;5;11;0;4;0;0;1;0;0;0;5;0;1;0;0;0;0;0;0;0;1;0;0;2;0;0;4;0;0;3;1;1;0;1;0;0;1;0;1;1;0;0;0;2;1;0;1;0;0;0;1;0;0;0;0;0;0;0;0;0;0;0;1;0;0;0;0;0;0;0;0;0;0;0;0;1;0;0;0;0;0;0;2;1;0;0;1;0;0;0;0;0;0;0;0;2;0;0;0
2020-05-13;0;10;1;2;0;0;3;0;1;0;3;1;1;2;0;0;0;0;1;2;0;2;0;4;0;0;2;0;1;2;0;0;0;1;2;0;1;0;0;1;0;4;0;3;0;0;0;0;0;0;1;0;2;0;0;0;0;0;0;0;1;0;2;0;0;2;0;0;0;0;1;0;0;0;0;0;0;0;0;0;1;0;2;1;0;1;0;0;0;0;0;0;1;0;0;0;0;0;0
2020-05-14;2;10;2;2;3;0;0;0;0;0;3;1;2;1;0;2;0;0;0;0;0;1;1;3;1;0;3;0;0;1;0;1;0;0;1;0;0;3;0;0;1;3;0;1;0;0;0;0;0;0;0;0;1;2;0;0;0;0;0;0;2;0;2;0;0;0;0;0;0;0;0;0;0;0;1;2;0;0;0;0;0;0;1;1;0;1;0;0;0;0;0;0;0;0;0;0;0;0;0
2020-05-15;2;19;1;1;2;0;0;0;0;0;3;2;3;1;1;0;0;0;1;0;0;1;2;8;2;0;2;0;1;1;1;0;0;3;1;0;0;0;0;0;0;0;0;2;0;0;0;0;0;0;1;0;2;0;0;0;0;0;0;0;0;0;9;0;0;1;0;0;0;0;2;0;0;0;4;3;0;0;0;0;1;0;3;0;0;3;0;0;0;0;0;0;0;0;0;0;0;0;0
2020-05-16;1;8;4;0;1;0;0;1;0;0;0;0;0;1;0;0;0;0;0;2;0;0;1;0;0;0;0;0;0;1;0;0;0;0;1;0;0;0;0;1;0;1;0;0;0;0;0;0;0;0;0;0;0;0;0;1;0;0;0;0;2;0;3;0;0;0;0;0;0;0;0;0;0;0;0;2;0;0;0;0;0;0;0;0;0;1;0;0;0;1;0;0;0;1;0;0;0;0;0
2020-05-17;1;13;2;0;0;0;0;0;0;0;1;2;0;0;0;1;1;1;0;3;0;1;0;1;0;0;1;0;0;1;0;0;0;2;0;0;0;1;1;0;0;1;0;1;0;0;0;0;0;0;0;1;3;0;0;0;0;0;0;1;0;0;2;0;0;2;0;0;0;0;0;0;0;0;1;0;0;0;0;0;0;0;3;0;0;0;0;0;0;1;0;0;0;1;0;0;0;0;0
2020-05-18;2;26;3;0;0;0;1;1;0;0;1;4;2;2;0;0;1;0;0;1;0;1;0;6;0;0;1;2;2;2;0;0;0;0;0;0;0;1;0;0;0;1;0;1;0;0;0;0;0;0;3;0;0;0;0;0;0;0;0;0;1;0;1;0;1;0;0;0;0;0;0;0;0;0;2;2;0;0;0;0;1;0;3;0;0;0;0;2;0;0;1;1;1;0;0;0;0;0;0
2020-05-19;2;16;1;3;1;0;1;0;0;0;3;2;1;2;1;1;1;0;1;2;0;0;0;2;2;0;0;0;1;1;0;0;0;1;1;0;0;0;1;1;0;1;0;0;0;0;1;1;0;0;0;0;0;0;0;0;0;0;0;1;1;0;2;0;0;0;0;0;0;0;1;0;0;0;1;2;0;0;0;0;0;0;1;0;0;0;0;0;0;0;0;0;0;0;0;0;0;0;0
2020-05-20;3;10;0;3;1;0;0;1;1;0;8;3;2;1;0;0;0;0;2;4;0;1;0;2;0;0;1;0;1;0;0;0;0;0;2;0;1;0;0;0;0;3;1;1;0;0;1;0;0;0;1;0;1;0;0;0;0;0;0;0;0;0;1;1;0;0;0;0;0;0;0;0;0;0;0;3;0;0;0;0;1;1;4;1;0;1;0;0;0;1;0;0;0;0;0;0;0;0;0
2020-05-21;1;10;1;0;0;0;0;0;0;0;4;1;1;2;1;0;0;0;0;0;0;0;0;0;0;0;0;0;2;0;0;0;0;0;0;0;1;0;0;0;0;0;0;1;0;0;0;0;0;0;1;0;0;0;0;0;0;0;0;0;0;0;0;0;0;0;0;0;0;0;1;0;0;0;0;0;0;0;0;0;0;0;1;1;0;2;0;0;0;0;0;0;0;0;0;0;0;0;0
2020-05-22;4;11;0;0;0;0;1;0;0;0;1;4;0;2;2;2;0;0;1;1;0;1;0;3;0;0;1;0;1;1;2;0;0;1;1;0;0;0;0;0;0;6;0;0;0;0;0;0;0;0;0;0;2;0;0;0;0;0;0;0;0;0;0;0;4;2;0;0;0;0;0;0;0;0;2;5;0;0;0;0;3;0;1;3;0;0;0;0;0;2;0;0;1;0;0;0;0;0;0
2020-05-23;1;6;0;1;0;0;1;0;0;0;6;0;0;1;0;0;0;0;2;1;0;0;0;0;1;0;0;0;2;0;0;0;0;1;0;0;0;0;0;0;0;1;0;1;0;0;0;0;0;0;0;0;1;0;0;0;0;0;0;0;0;0;1;0;3;0;0;0;1;0;0;0;0;0;2;0;0;0;0;0;0;0;1;1;0;0;0;0;0;0;0;0;0;0;0;0;0;0;0
2020-05-24;1;7;0;0;0;0;0;0;0;0;2;1;2;0;0;0;0;0;3;0;0;1;0;0;0;0;0;0;1;0;0;0;0;2;1;0;1;0;0;0;0;1;0;1;0;0;2;0;0;0;1;0;1;0;0;0;0;0;0;0;0;0;2;0;0;0;1;0;0;0;0;0;0;0;0;2;0;0;0;0;0;0;1;0;0;0;0;0;0;0;0;0;0;0;0;0;0;0;0
2020-05-25;0;5;1;0;0;0;1;1;0;0;9;3;1;1;0;2;0;0;4;0;0;0;1;0;0;0;0;1;0;0;0;0;0;2;1;0;2;1;0;0;0;1;0;1;0;0;1;0;0;0;0;0;1;0;0;0;0;0;0;0;0;0;1;0;1;0;0;0;0;0;0;0;0;0;1;1;0;0;0;0;0;0;3;4;0;0;0;0;0;0;0;1;0;0;0;0;0;0;0
2020-05-26;0;21;2;0;0;0;2;0;0;0;3;0;2;1;0;2;0;0;0;0;1;1;1;0;0;0;0;0;0;0;1;2;0;4;0;0;1;1;0;0;0;2;0;1;0;0;0;0;0;0;0;0;2;0;0;0;0;0;1;0;0;0;3;1;1;0;0;0;0;0;0;0;0;0;0;1;0;0;0;0;0;0;2;0;0;1;0;0;0;0;0;1;0;0;0;0;1;0;0
2020-05-27;1;6;1;1;0;0;0;1;0;1;2;4;0;0;0;3;0;0;2;0;0;0;0;0;0;0;0;0;0;1;0;0;0;2;1;0;3;0;0;0;0;0;0;2;0;0;0;0;0;0;0;0;1;0;0;0;0;0;0;0;0;0;4;0;1;0;0;0;0;1;0;0;0;0;0;2;0;0;0;0;0;0;0;9;0;1;0;0;0;2;0;0;0;0;0;0;0;0;0
2020-05-28;1;7;0;0;0;0;0;0;1;0;3;4;0;1;0;1;0;0;1;1;0;0;0;1;0;0;0;0;0;0;0;0;0;1;0;0;1;0;0;0;0;1;0;1;1;0;0;0;0;0;0;0;2;0;0;0;0;0;0;0;0;0;2;0;0;0;1;0;0;0;1;0;0;0;0;4;0;0;0;0;0;0;0;1;0;0;0;0;0;0;0;0;0;0;0;0;0;0;0
2020-05-29;2;6;0;0;0;0;1;4;0;0;7;0;0;1;0;0;0;0;3;0;0;0;0;2;0;0;0;0;0;1;0;0;1;1;0;0;0;0;0;0;0;0;0;1;0;0;0;0;0;0;1;0;2;0;0;0;0;0;0;0;1;0;1;0;0;0;0;0;0;0;0;0;0;0;0;0;0;0;0;0;0;0;2;4;0;0;1;0;0;0;0;0;0;0;0;0;0;0;0
2020-05-30;0;7;0;1;0;0;0;4;1;0;0;1;1;1;0;2;0;0;1;1;0;0;0;1;0;0;0;0;1;0;0;0;0;0;0;0;2;1;0;0;0;0;0;0;0;2;0;0;0;0;0;0;2;0;0;0;0;0;0;0;0;0;0;0;0;0;0;0;0;0;0;0;0;0;1;1;0;0;0;0;0;0;0;2;0;0;0;0;0;0;0;0;0;0;0;0;0;0;0
2020-05-31;1;8;0;0;0;0;0;2;0;0;2;0;0;0;0;0;0;0;1;0;0;0;0;0;0;0;0;0;0;1;1;0;0;0;0;0;0;0;0;0;0;0;0;1;0;0;2;0;0;0;0;0;0;0;0;0;0;0;0;0;0;0;0;0;0;0;0;0;0;0;1;0;0;0;0;0;0;0;0;0;0;0;1;1;0;0;0;0;0;0;0;0;0;0;0;0;0;0;0
2020-06-01;0;6;0;2;0;0;0;1;0;0;0;0;2;0;0;0;0;0;0;1;2;0;0;2;1;0;0;0;0;1;0;0;0;0;0;0;1;1;0;0;0;1;0;1;1;0;0;0;0;1;2;0;0;0;0;0;0;0;0;0;0;0;2;0;1;0;0;0;1;0;2;0;0;0;0;0;0;0;0;0;0;0;1;1;0;0;0;0;0;1;0;0;0;0;0;0;0;0;0
2020-06-02;1;5;3;1;0;0;0;4;0;0;4;2;0;0;0;1;0;0;1;0;0;0;0;4;0;0;0;0;1;1;0;0;0;0;0;0;0;3;0;0;0;0;0;3;3;0;1;0;0;0;0;0;2;0;0;0;0;0;0;0;0;0;4;0;0;0;0;0;0;0;2;0;0;0;1;3;0;0;0;0;0;0;1;2;0;0;1;0;0;1;0;0;0;0;0;0;0;0;0
2020-06-03;1;10;0;0;0;0;1;6;0;0;0;0;0;0;0;1;0;0;2;2;3;1;0;0;0;0;0;0;1;0;0;0;1;1;0;0;0;3;0;0;0;0;0;2;1;0;1;0;0;0;0;0;3;0;0;0;0;0;0;0;0;0;1;0;1;0;0;0;0;0;1;0;0;0;1;1;0;0;0;0;0;0;1;6;0;0;0;0;0;0;0;0;0;0;0;0;0;0;0
2020-06-04;1;7;5;1;0;0;0;1;0;0;3;0;0;0;0;0;0;0;1;0;0;0;1;2;0;0;1;0;2;0;0;0;0;0;0;0;0;3;0;0;0;0;0;1;1;0;0;0;0;0;1;0;2;0;0;0;0;0;0;0;0;0;4;0;1;0;0;0;0;0;0;0;0;0;1;0;0;0;0;0;0;0;1;2;0;0;0;0;0;0;0;0;0;0;0;0;0;0;0
2020-06-05;0;7;0;1;0;0;0;2;0;0;0;2;0;0;0;0;1;0;1;1;1;0;0;1;0;0;0;0;1;0;0;0;0;2;0;0;1;6;0;0;0;0;0;1;0;0;1;0;0;0;1;0;0;0;0;0;0;0;0;0;0;0;2;0;0;0;0;0;0;0;0;0;0;0;0;0;0;0;0;0;0;0;2;0;0;0;0;0;0;0;0;0;0;0;0;0;0;0;0
2020-06-06;1;2;0;0;0;0;1;0;0;0;0;2;0;0;0;0;1;1;0;0;0;0;0;0;0;0;0;0;0;1;0;0;0;0;0;0;0;4;0;0;0;0;0;1;0;0;0;0;0;0;0;0;0;0;0;0;0;0;0;0;0;0;0;0;0;0;0;0;0;0;0;0;0;0;0;0;0;0;0;0;0;0;1;0;0;0;0;0;0;0;0;0;0;0;0;0;0;0;0
2020-06-07;0;5;0;0;0;0;2;0;0;0;0;1;0;0;0;0;0;0;0;1;0;0;0;0;0;0;0;0;1;0;0;0;0;0;0;0;0;1;0;0;0;0;0;0;0;0;1;0;0;0;0;0;0;0;0;0;0;0;0;0;0;0;2;0;0;0;0;0;0;0;0;0;0;0;0;0;0;0;0;0;0;0;0;0;0;0;0;0;0;0;0;0;0;0;0;0;0;0;0
2020-06-08;0;5;2;4;0;0;1;0;0;0;1;1;0;0;0;0;0;0;1;0;0;0;0;6;0;0;0;0;0;1;0;1;0;3;0;0;0;1;0;1;0;0;1;2;0;0;3;0;0;0;0;1;0;0;0;0;0;0;0;0;0;0;2;0;2;0;0;0;0;0;0;0;0;0;0;3;0;0;0;0;0;0;0;0;0;0;0;0;0;0;0;0;0;1;0;0;0;0;0
2020-06-09;0;8;0;1;0;0;0;0;1;0;0;0;0;0;0;0;0;0;1;0;2;0;0;2;0;0;0;0;0;0;0;0;0;0;0;0;1;0;1;0;0;1;0;0;1;0;1;0;0;0;0;0;0;0;1;0;0;0;0;0;0;0;1;0;1;0;0;0;0;0;0;0;0;0;0;2;0;0;0;0;1;0;0;0;0;1;1;0;0;0;0;0;0;0;0;0;0;0;0
2020-06-10;1;9;0;1;0;0;0;1;0;0;1;0;0;2;0;1;0;0;0;0;2;0;0;1;1;0;0;0;1;0;0;0;0;1;0;0;0;1;0;8;0;1;0;0;0;0;0;0;0;0;0;1;0;0;0;0;0;0;0;0;0;0;1;1;0;0;0;0;0;0;0;0;0;0;0;0;0;0;0;0;1;0;0;1;0;0;0;0;0;1;0;0;0;0;0;0;0;0;0
2020-06-11;5;11;1;0;0;0;0;0;0;0;2;0;4;0;0;0;0;0;4;0;0;0;0;0;0;0;0;0;1;1;0;0;0;0;0;0;2;2;0;2;0;2;0;3;0;0;2;0;0;0;0;0;0;0;1;0;0;0;0;0;0;0;0;0;0;0;0;0;0;0;0;0;0;0;0;1;0;0;0;0;1;0;1;0;0;0;2;0;0;0;0;0;0;0;0;0;0;0;0
2020-06-12;0;7;1;0;0;0;0;1;0;0;1;1;0;1;0;0;0;0;4;0;1;0;0;0;0;0;0;0;0;0;0;0;0;0;0;1;2;1;0;22;0;2;0;0;1;0;0;0;0;0;0;1;0;0;0;0;2;0;0;0;0;0;2;3;3;0;0;0;0;0;0;0;0;0;3;0;0;0;0;0;0;0;0;0;0;0;0;0;0;0;0;0;0;0;0;0;0;0;0
2020-06-13;0;2;0;1;1;0;0;1;0;0;1;1;0;1;0;0;0;0;3;0;0;0;0;0;0;1;0;0;0;1;1;0;0;0;0;0;0;5;0;0;0;0;0;0;0;0;1;0;0;0;1;1;0;0;2;0;0;0;0;0;0;0;1;0;0;0;0;0;0;0;0;0;0;0;0;0;0;0;0;0;1;0;1;0;0;0;0;0;0;0;0;0;0;0;0;0;0;0;0
2020-06-14;0;3;0;1;0;0;0;0;0;0;0;0;0;0;0;0;0;0;0;0;0;1;0;0;0;0;0;0;0;0;1;0;0;0;0;0;0;0;0;5;0;0;0;0;0;0;0;0;0;0;0;0;0;0;0;0;0;0;0;0;0;0;2;3;0;0;0;0;0;0;0;0;1;0;0;2;0;0;0;0;0;0;0;0;0;0;1;0;0;0;0;0;0;0;0;0;0;0;0
2020-06-15;2;8;0;1;0;0;0;0;0;0;5;1;1;0;0;0;0;0;3;1;1;0;0;0;0;0;0;0;1;0;0;0;0;0;0;0;0;2;0;2;1;1;0;1;0;0;1;0;0;0;0;0;0;0;0;0;0;0;0;0;0;0;1;1;1;0;0;0;0;0;0;0;0;0;0;2;0;0;0;0;2;0;0;0;0;0;0;0;0;0;0;0;0;0;0;0;0;0;0
2020-06-16;0;6;3;0;0;0;1;0;0;0;5;1;1;1;0;0;0;0;1;0;1;1;1;0;0;0;0;0;1;2;2;0;0;0;0;0;0;1;0;7;0;0;0;2;0;0;1;0;0;0;0;0;0;0;0;0;0;0;0;0;0;0;0;0;1;0;0;0;0;0;0;0;0;0;0;3;0;0;0;0;1;0;0;0;0;0;0;1;0;0;1;0;0;0;0;0;0;0;0
2020-06-17;1;8;0;6;0;0;3;3;0;0;1;1;1;0;1;0;0;0;1;1;1;0;0;0;0;0;0;0;2;2;0;0;1;2;0;0;0;0;0;12;1;0;2;7;0;0;2;0;0;0;2;1;0;0;0;0;0;0;0;1;0;0;1;1;0;0;0;0;0;0;0;1;0;0;2;2;0;0;0;0;1;1;0;0;0;1;0;0;0;0;0;1;0;0;0;0;0;0;0
2020-06-18;2;9;0;1;0;0;3;1;0;0;10;1;1;0;1;0;0;0;2;4;0;0;0;0;0;0;1;0;0;0;0;0;0;0;1;0;0;0;0;1;0;0;0;1;0;0;2;0;0;0;0;1;0;0;0;0;0;0;0;0;0;0;1;0;0;0;0;0;0;0;0;0;0;0;0;0;0;0;0;0;1;0;0;0;0;0;0;0;0;1;0;0;0;0;0;0;0;0;0
2020-06-19;0;7;2;0;0;0;1;0;1;0;0;0;1;0;0;1;0;0;0;1;2;0;0;0;0;0;0;0;0;1;1;0;0;0;3;0;0;1;0;1;0;3;0;7;0;1;1;0;0;0;0;0;1;0;0;0;0;0;0;0;0;0;0;0;0;0;0;0;0;0;0;0;0;0;1;1;0;0;0;0;0;0;0;3;0;0;1;0;0;0;0;0;0;0;0;0;0;0;0
2020-06-20;1;8;2;1;0;0;3;0;0;0;3;1;3;1;0;0;0;0;1;2;0;0;0;0;0;0;0;0;1;0;1;0;0;0;0;0;1;1;0;1;0;0;0;1;0;0;3;0;0;0;0;0;0;0;0;0;0;0;0;0;0;0;0;0;0;0;0;0;0;0;0;0;0;0;0;1;0;0;0;0;0;0;1;0;0;0;0;0;0;0;0;1;0;0;0;0;0;0;0
2020-06-21;0;13;1;2;0;0;0;0;0;0;1;0;0;0;1;0;0;0;1;0;0;1;0;0;0;0;1;0;1;0;0;0;0;0;0;0;0;0;0;0;0;1;0;0;0;0;1;0;0;0;0;0;0;0;0;0;0;0;0;0;0;0;0;2;0;0;0;0;0;0;0;0;0;0;0;0;0;0;0;0;1;0;0;2;0;1;1;0;0;0;0;0;0;0;0;0;0;0;0
2020-06-22;0;12;0;2;0;0;0;0;0;0;0;3;1;0;0;2;0;0;1;2;0;0;0;0;0;0;0;0;0;1;0;0;0;1;0;0;0;1;0;2;1;1;0;2;0;0;1;0;0;0;1;0;0;0;0;0;0;0;0;0;0;0;0;1;0;0;0;0;0;0;0;0;0;0;1;4;0;0;0;0;2;0;0;0;0;3;0;0;0;0;0;0;0;0;0;0;0;0;0
2020-06-23;0;3;3;0;0;0;0;0;0;0;2;0;1;0;1;0;0;0;0;0;0;0;0;0;0;0;0;0;1;0;0;0;0;0;0;0;0;0;0;1;0;0;0;0;1;0;0;0;1;0;0;0;0;0;0;0;0;1;0;0;0;0;0;0;0;0;0;0;0;0;0;0;0;0;0;1;2;0;0;0;0;0;0;0;0;0;0;1;0;0;0;0;0;0;0;0;0;0;0
2020-06-24;0;3;2;2;0;0;1;0;0;0;1;1;0;0;2;1;0;0;1;0;1;0;0;1;1;0;0;0;1;0;1;0;0;1;2;0;0;0;0;1;0;1;0;0;0;0;0;0;2;0;0;0;1;0;0;1;0;0;0;0;0;0;0;3;0;0;0;1;0;0;0;1;0;7;0;0;2;0;0;0;1;0;1;0;0;0;0;0;1;0;0;0;0;0;0;0;0;0;0
2020-06-25;0;8;1;0;0;0;1;0;0;0;0;0;1;0;1;0;0;0;1;0;0;1;0;0;1;0;0;0;1;1;0;0;0;1;0;0;0;0;0;2;0;2;0;0;0;0;0;0;1;2;0;0;0;0;0;0;0;0;0;0;0;0;0;0;0;1;0;0;0;0;0;0;0;0;0;1;0;0;2;0;1;0;0;0;0;0;0;0;0;0;0;0;0;0;0;0;0;0;0
2020-06-26;1;2;1;1;0;0;1;0;0;0;0;1;0;0;0;0;0;0;0;0;0;0;0;1;0;1;0;0;1;0;1;0;0;1;0;0;0;0;0;0;0;0;0;0;0;0;0;0;0;1;1;0;0;0;0;0;0;0;0;0;0;0;0;0;0;0;0;0;0;0;0;1;0;1;1;0;0;0;0;0;0;0;1;1;0;1;0;0;0;0;0;0;0;0;0;0;0;0;0
2020-06-27;0;3;1;0;0;0;0;0;0;0;0;0;0;0;1;0;0;0;0;0;0;0;0;0;0;0;0;0;0;0;0;0;0;0;0;0;0;0;0;0;0;0;0;0;0;0;0;0;0;1;0;0;0;0;0;0;1;0;0;0;0;0;0;0;1;0;0;0;0;0;0;2;0;5;0;0;1;0;0;0;0;0;0;0;0;0;2;0;0;0;0;0;0;0;0;0;0;0;0
2020-06-28;0;3;4;0;0;0;0;0;0;0;0;0;0;0;1;0;0;0;0;0;0;0;1;0;0;0;0;0;0;0;0;0;0;0;0;0;0;0;0;0;0;0;0;0;0;0;0;0;0;0;1;0;0;0;0;0;0;0;0;0;0;0;0;0;0;0;0;0;0;0;0;0;0;0;0;0;0;0;0;0;0;0;0;0;0;1;0;0;0;0;0;0;0;0;0;0;0;0;0
2020-06-29;0;8;0;1;0;0;0;0;0;0;0;2;1;0;0;0;0;0;0;0;0;0;1;0;0;0;0;0;1;0;0;0;0;1;0;0;0;1;0;0;0;1;0;0;0;0;0;0;0;0;0;0;0;0;2;1;0;0;0;0;0;0;1;1;0;0;0;0;0;0;0;0;1;1;0;0;0;0;0;0;1;0;1;0;0;0;1;0;0;0;0;0;0;0;0;0;0;0;0
2020-06-30;1;3;1;1;0;0;0;0;0;0;0;0;0;0;3;0;0;0;0;1;0;0;1;0;0;0;0;0;1;0;0;0;0;1;2;0;0;0;0;1;1;0;0;0;0;0;0;0;0;0;0;0;0;0;0;0;0;0;0;0;1;0;1;2;0;0;0;0;0;0;0;0;0;0;0;0;0;0;0;0;1;0;0;1;0;0;0;0;0;0;0;0;0;0;0;0;0;0;0
2020-07-01;0;1;1;0;0;0;1;0;0;0;0;0;0;0;1;0;0;0;0;0;0;0;0;0;0;1;0;0;0;0;0;0;0;0;0;0;1;0;0;1;0;0;0;0;0;0;0;0;0;0;0;0;0;0;0;0;0;0;0;0;0;0;0;0;0;0;0;0;0;0;0;0;0;0;0;0;0;0;0;0;2;0;0;0;0;1;0;0;0;0;0;0;0;0;0;0;0;0;0
2020-07-02;0;7;0;2;0;0;0;0;0;0;1;0;1;0;0;0;0;0;0;0;0;0;0;0;0;0;0;0;0;0;0;0;0;0;0;0;0;0;0;0;0;0;1;0;0;0;0;0;0;1;0;0;0;0;0;0;0;0;0;0;0;0;1;0;0;0;0;0;0;0;0;0;0;0;0;0;0;0;0;0;1;0;0;0;0;0;0;0;0;0;0;0;0;0;0;0;0;0;0
2020-07-03;0;4;1;0;0;0;2;0;0;0;0;1;0;0;3;0;0;0;0;0;0;0;0;0;0;0;0;0;1;0;0;0;0;0;0;0;1;0;0;1;0;1;0;0;0;0;0;0;0;0;1;0;0;0;0;0;0;0;0;0;0;0;0;0;0;0;0;1;0;0;0;0;0;0;0;0;0;0;0;0;0;0;0;0;0;0;0;0;0;0;0;0;0;0;0;0;0;0;0
2020-07-04;0;5;0;0;0;0;1;0;0;0;1;0;0;0;0;0;0;0;0;0;0;0;0;2;0;0;0;0;0;0;0;0;0;0;0;0;1;0;0;1;0;0;0;0;0;0;0;0;0;0;0;0;0;0;0;0;0;0;0;0;0;0;1;0;0;0;0;0;0;0;0;0;0;0;0;0;0;0;0;0;0;0;1;0;0;0;0;0;0;0;0;0;0;0;0;0;0;0;0
2020-07-05;0;6;0;0;0;0;1;0;0;0;0;1;0;0;0;0;0;0;0;0;0;0;1;0;0;0;0;0;0;0;0;0;0;0;0;0;0;0;0;0;1;0;0;0;0;0;0;0;0;0;0;0;0;0;0;0;0;0;0;0;0;0;0;0;0;0;0;0;0;0;0;0;0;0;0;0;0;0;0;0;0;0;0;0;0;0;0;0;0;0;0;1;0;0;0;0;0;0;0
2020-07-06;0;2;0;2;0;0;0;1;0;0;0;0;0;0;0;0;0;0;0;0;0;0;0;0;0;0;0;0;0;0;0;0;0;0;0;0;0;0;0;0;0;0;0;0;0;0;0;0;0;0;0;0;0;0;0;0;0;0;0;0;0;1;0;0;0;0;0;1;0;0;0;0;0;0;0;1;1;0;0;0;0;0;0;0;0;0;0;0;0;0;0;0;0;0;0;0;0;0;0
2020-07-07;0;5;0;0;0;0;0;0;0;0;0;0;0;0;1;0;0;0;0;0;0;0;0;0;0;0;1;0;0;0;0;0;0;0;0;0;0;0;0;0;1;2;0;0;0;0;0;0;0;0;0;0;0;0;0;0;0;0;0;0;0;0;2;0;0;0;0;1;0;0;0;0;0;0;0;0;0;0;0;0;0;0;0;0;0;0;0;0;0;0;0;0;0;0;0;0;0;0;0
2020-07-08;0;13;1;2;0;0;0;0;0;0;1;0;0;0;0;0;0;0;0;0;0;0;0;0;0;0;0;1;0;0;0;0;0;0;0;0;0;0;0;0;0;1;0;1;0;0;0;0;0;0;1;0;0;0;0;0;0;0;0;0;0;0;0;0;0;0;0;2;0;0;1;0;0;1;0;1;0;0;0;0;0;0;0;0;0;0;0;0;0;0;0;0;0;0;0;0;0;0;0
2020-07-09;1;9;0;0;0;0;0;0;1;0;1;0;0;0;3;0;0;0;1;1;1;0;0;0;0;1;0;0;0;0;1;0;0;1;0;0;1;0;0;0;2;1;0;3;0;0;0;0;0;1;1;0;1;0;0;0;0;0;0;0;1;0;3;0;0;0;0;1;0;0;0;2;0;0;0;0;0;0;0;0;0;0;1;1;0;0;0;0;0;1;0;0;0;0;0;0;0;0;0
2020-07-10;0;15;0;0;0;0;1;0;0;0;0;0;0;0;1;0;0;0;0;0;0;0;0;0;0;0;0;2;0;0;0;0;0;0;0;0;0;1;0;0;0;1;1;3;0;0;0;0;0;0;1;0;0;0;1;1;0;0;0;0;0;0;0;0;0;0;0;2;0;0;0;0;0;0;0;1;0;0;0;0;1;0;1;0;0;0;0;0;0;0;0;0;0;0;0;0;0;0;0
2020-07-11;0;16;0;1;0;0;0;0;0;0;1;1;0;1;0;0;1;0;0;0;0;1;0;0;0;0;0;0;0;0;0;0;0;0;0;0;0;0;0;0;0;1;0;0;0;0;0;0;0;0;0;0;0;0;0;0;0;1;0;0;0;0;0;0;0;0;0;0;0;0;0;0;0;0;0;0;0;0;0;0;0;0;0;0;0;0;0;0;0;0;0;0;0;0;0;0;0;0;0
2020-07-12;0;2;0;1;0;0;0;0;0;0;0;4;1;0;0;0;0;0;0;0;0;0;0;0;0;0;0;0;0;0;0;0;0;0;0;0;0;0;0;0;0;0;0;0;0;0;0;0;0;0;2;0;1;0;0;0;0;0;0;1;4;0;0;0;0;0;0;1;0;0;0;0;0;0;0;1;1;0;0;0;2;0;1;0;0;0;0;0;0;0;0;0;0;0;0;0;0;0;0
2020-07-13;1;6;5;2;2;0;0;1;0;0;0;0;0;0;0;1;0;0;0;0;1;3;0;0;0;0;0;0;0;0;0;0;0;0;0;0;0;1;0;0;0;0;2;0;0;1;1;0;2;0;1;0;0;0;0;0;0;0;0;0;0;0;1;0;0;0;0;0;1;0;0;0;0;0;0;0;0;0;0;0;0;0;0;0;0;0;0;0;0;0;0;0;0;0;0;0;0;0;0
2020-07-14;0;14;1;0;1;0;0;1;0;0;0;0;0;0;1;0;0;0;0;0;1;0;0;2;0;0;0;0;0;0;0;0;0;0;0;2;0;0;0;0;0;0;1;1;1;0;1;0;0;0;2;0;0;0;0;0;2;0;0;1;0;0;0;0;0;0;0;0;0;0;0;0;0;0;0;1;0;0;0;0;0;0;0;0;0;0;0;0;0;0;0;0;0;0;0;0;0;0;0
2020-07-15;0;13;1;0;0;0;0;0;0;0;1;3;0;1;1;0;0;0;0;0;0;0;0;1;0;0;0;0;2;0;0;0;0;1;0;1;0;1;0;0;0;1;0;0;1;0;3;0;0;0;2;0;1;0;0;0;0;0;0;1;0;0;3;0;0;0;0;0;0;0;0;0;0;1;0;1;0;0;0;0;0;0;0;0;0;0;0;0;0;1;1;0;0;0;0;0;0;0;0
2020-07-16;0;7;3;1;5;0;1;0;1;0;0;0;1;0;0;0;0;0;0;1;1;1;0;2;0;0;0;3;3;0;0;0;0;0;0;0;0;0;0;0;0;1;0;1;1;0;1;0;0;0;2;1;0;0;0;0;0;0;0;0;0;0;4;0;1;0;0;0;0;0;0;0;1;0;1;4;0;0;0;0;1;0;1;2;0;0;0;0;0;0;0;0;0;0;0;0;0;0;0
2020-07-17;1;7;1;2;2;0;0;0;0;0;0;0;0;2;0;0;0;0;0;0;0;0;0;0;0;0;0;0;0;0;0;0;0;0;0;0;0;1;0;0;0;1;0;0;0;1;2;0;0;0;1;0;3;0;0;0;0;0;0;0;1;0;1;0;3;0;0;0;0;0;0;0;0;2;0;1;0;0;0;0;0;0;0;0;0;0;0;0;0;0;0;0;0;0;0;0;0;0;0
2020-07-18;0;10;0;1;2;0;0;0;0;0;0;0;1;0;0;0;0;0;0;1;5;0;0;0;0;0;0;0;6;1;0;0;0;1;1;0;0;0;0;0;0;1;0;3;0;0;3;0;0;0;2;0;2;0;0;0;0;0;0;0;0;0;0;0;0;0;0;0;0;0;0;0;0;0;0;1;0;0;0;0;1;0;0;1;0;0;0;0;0;0;0;0;0;0;0;0;0;0;0
2020-07-19;1;10;0;2;0;0;0;0;0;0;0;0;2;0;0;0;0;0;0;0;1;0;0;0;0;0;0;0;0;1;0;0;0;0;0;0;0;0;0;1;0;0;0;1;0;0;0;0;0;1;1;0;3;0;0;0;0;0;0;0;1;0;1;1;0;0;0;0;0;0;0;0;0;0;0;1;0;0;0;0;0;0;0;0;0;0;0;0;0;0;0;0;0;0;0;0;0;0;0
2020-07-20;1;9;1;0;2;0;0;1;0;0;0;0;0;0;0;0;0;1;0;0;1;0;0;0;0;0;0;0;2;2;0;1;0;3;0;0;0;0;0;0;0;2;0;0;1;0;1;0;0;1;1;0;1;0;0;0;0;0;0;0;0;0;0;0;0;0;0;0;0;0;0;0;0;0;0;0;0;0;0;0;0;0;0;0;0;1;0;0;0;0;0;0;0;0;0;0;0;0;0
2020-07-21;0;14;0;1;0;0;0;0;0;0;1;0;1;0;2;0;0;0;0;0;0;0;0;0;0;0;0;0;1;0;0;0;0;0;0;0;0;0;0;0;0;0;0;2;1;0;4;0;0;0;0;0;1;0;0;0;0;0;0;1;0;0;0;1;0;1;0;0;0;0;0;0;0;0;1;1;0;0;0;0;1;0;0;1;0;0;1;0;0;0;0;0;0;0;0;0;0;0;0
2020-07-22;0;7;0;0;1;0;0;0;0;0;1;0;0;0;1;0;0;0;0;0;1;0;0;0;0;0;0;0;0;1;0;2;0;3;0;0;0;0;0;0;0;1;0;2;2;0;1;0;0;0;0;0;0;0;0;0;0;0;0;0;0;0;0;2;0;0;0;0;0;0;0;0;0;0;0;3;0;0;0;0;3;0;0;1;0;1;0;0;0;0;0;1;0;0;0;0;0;0;0
2020-07-23;0;14;1;2;1;0;0;0;0;0;2;0;1;1;0;0;0;0;0;0;2;0;1;1;0;0;0;0;3;0;0;3;0;0;0;0;0;4;0;0;0;5;0;1;0;0;0;0;0;1;1;0;0;0;0;0;0;0;0;0;0;0;1;1;0;0;0;0;0;0;0;0;0;1;2;1;0;0;0;0;0;0;0;0;0;0;0;0;0;0;0;1;0;0;0;0;0;0;0
2020-07-24;0;10;3;1;0;0;0;0;1;0;1;0;0;0;0;0;1;0;0;1;0;1;1;1;0;1;0;0;2;0;0;0;0;2;0;1;0;1;0;0;0;0;0;1;0;0;1;0;0;2;0;0;0;0;0;0;1;0;0;0;0;0;0;1;0;1;0;0;0;0;0;0;0;0;0;0;0;0;0;0;0;0;1;0;0;0;0;0;0;0;0;0;0;0;0;0;0;0;0
2020-07-25;1;2;2;0;0;0;0;1;0;0;1;0;1;0;1;0;0;0;0;0;0;0;0;2;0;1;0;0;0;0;0;1;0;1;0;0;0;1;0;0;0;1;1;4;1;1;0;0;0;2;0;0;0;0;0;0;0;0;0;0;0;0;0;0;0;0;0;0;0;0;0;0;0;0;0;1;0;0;0;0;0;0;0;0;0;0;0;0;0;1;0;0;0;0;0;0;0;0;0
2020-07-26;0;3;3;1;1;0;0;0;0;0;0;0;1;0;1;1;0;1;0;0;0;0;0;2;0;0;0;0;0;0;0;0;0;1;0;1;0;1;0;0;0;0;0;1;0;0;4;1;0;0;0;0;0;0;0;0;0;0;0;0;0;0;0;0;0;0;0;0;0;0;0;0;0;0;0;0;0;0;0;0;0;0;0;0;0;0;0;0;0;0;0;0;0;0;0;0;0;0;0
2020-07-27;0;6;6;2;0;0;0;1;0;0;4;0;1;1;2;0;1;0;0;0;0;0;0;4;0;0;0;0;0;1;0;0;0;0;1;0;0;1;0;0;0;1;1;3;0;0;0;0;0;0;0;0;2;0;1;1;0;2;0;0;1;1;0;0;1;0;0;0;0;0;0;0;0;0;0;1;0;0;0;0;1;0;0;0;0;3;0;0;0;12;0;0;0;1;0;0;0;0;0
2020-07-28;0;16;8;0;0;0;0;0;1;0;0;0;0;1;2;0;1;0;0;1;0;0;0;1;1;1;0;1;1;2;2;0;0;3;2;0;0;0;0;0;0;0;1;0;1;0;1;0;0;0;0;0;1;1;0;1;0;0;0;1;0;0;0;0;0;1;0;1;0;0;0;0;0;0;0;1;0;0;0;0;0;0;1;0;0;2;0;0;0;18;0;1;0;1;0;0;0;0;0
2020-07-29;1;8;8;4;0;0;0;0;0;0;0;0;0;1;3;0;1;0;0;0;2;0;0;3;0;0;0;0;1;1;0;0;0;1;1;1;0;0;1;0;1;0;0;0;0;0;0;0;1;0;0;0;0;0;1;1;0;0;0;0;0;0;1;0;0;0;0;0;0;0;0;0;0;0;0;0;0;1;1;0;1;0;0;4;0;1;0;0;0;7;0;0;0;2;0;0;0;0;0
2020-07-30;0;10;18;3;0;0;2;0;0;0;2;0;0;3;3;0;0;0;0;1;0;0;0;4;0;1;0;0;0;0;1;0;0;3;1;0;0;0;0;0;0;0;0;0;1;0;0;0;0;0;0;0;3;3;0;1;0;2;0;0;2;0;1;1;0;1;0;0;0;0;0;0;1;0;0;0;0;0;0;0;2;0;0;1;0;1;0;0;0;12;0;0;0;0;0;0;0;0;0
2020-07-31;0;6;13;2;1;0;0;2;0;0;0;0;1;0;3;0;2;1;0;0;0;0;0;4;2;0;0;0;0;0;0;2;1;0;0;0;0;0;0;0;1;0;0;2;0;1;1;0;0;0;1;0;0;1;0;1;0;0;0;0;0;0;1;0;1;0;0;0;0;0;0;0;0;0;0;0;0;0;0;0;0;0;0;0;0;0;0;0;0;6;1;0;0;1;0;0;0;0;0
2020-08-01;0;5;18;0;0;0;0;0;0;0;0;0;0;0;5;0;3;3;0;0;0;0;0;1;0;1;0;0;0;2;1;0;0;0;1;0;0;0;1;0;0;0;0;0;1;4;2;0;1;2;0;0;1;0;0;0;1;0;1;2;0;0;0;0;0;1;0;0;0;0;0;0;0;0;0;0;0;0;0;0;0;0;0;1;0;0;0;0;0;6;0;0;0;0;0;0;0;0;0
2020-08-02;0;10;32;1;1;0;2;1;0;0;0;0;1;0;5;0;1;0;0;0;0;1;0;0;2;2;1;0;0;0;3;0;0;0;1;0;0;0;0;1;0;1;0;1;1;0;1;0;0;0;0;0;0;0;0;0;0;0;1;0;0;0;0;0;0;1;0;0;0;0;0;0;2;0;0;4;0;0;0;0;0;0;0;1;0;0;0;0;0;0;0;0;0;0;0;0;0;0;0
2020-08-03;1;11;38;0;0;0;3;1;0;0;0;0;0;3;5;0;2;2;0;0;0;3;1;1;2;1;0;0;0;0;1;0;0;2;0;0;0;0;1;0;1;1;0;0;0;0;0;0;1;0;0;0;2;1;0;0;0;0;1;1;1;0;0;0;1;2;1;0;0;0;0;0;2;0;2;0;0;0;0;1;1;0;0;0;0;0;0;0;0;16;3;0;0;1;0;0;0;0;0
2020-08-04;4;7;40;1;2;0;1;3;0;0;0;3;3;2;2;0;3;0;0;0;0;0;0;3;14;1;0;0;2;1;0;1;1;2;0;0;0;0;0;0;2;0;0;0;1;2;0;0;2;0;0;0;3;1;0;0;0;0;2;0;1;0;0;1;2;0;0;0;0;0;0;0;1;0;2;0;0;0;1;0;0;0;1;0;0;0;0;1;0;2;0;0;0;0;0;0;0;0;0
2020-08-05;0;14;56;4;0;0;1;1;0;0;0;2;1;0;1;1;2;0;0;0;0;1;0;5;1;2;0;0;1;0;1;0;0;2;1;1;0;0;0;0;1;0;0;0;0;0;1;0;1;1;0;0;1;1;0;0;0;0;0;0;0;0;1;3;0;0;0;0;1;0;0;0;2;0;0;1;0;0;0;0;0;0;0;0;0;0;0;2;0;2;0;0;0;0;0;0;0;0;0
2020-08-06;2;11;77;1;0;0;2;0;0;0;1;0;1;5;2;1;4;1;2;0;0;5;1;4;5;1;0;0;1;1;2;0;0;1;3;0;0;1;0;0;0;0;1;0;0;0;1;1;3;0;0;0;6;2;0;0;1;0;0;1;1;0;2;0;2;0;0;1;0;0;0;0;0;0;3;0;0;0;1;0;1;0;0;2;0;0;0;0;0;6;0;0;0;1;0;0;0;0;0
2020-08-07;2;9;83;0;0;0;1;1;0;0;1;0;1;0;0;0;1;1;0;0;0;0;0;0;18;0;0;0;0;0;0;1;1;1;1;0;0;0;0;0;0;0;0;0;0;0;0;0;0;0;0;0;1;0;0;0;0;1;0;1;0;0;2;1;2;1;0;0;0;0;0;0;1;0;1;0;0;0;3;0;0;0;0;0;0;2;0;1;0;2;0;0;0;0;0;0;0;0;0
2020-08-08;0;10;50;0;0;0;2;0;0;0;0;0;0;0;2;0;0;0;0;0;0;1;0;0;2;0;0;0;0;0;1;0;1;0;0;0;0;0;1;0;0;1;0;3;0;0;0;0;2;2;0;0;1;1;0;0;0;0;0;0;0;0;1;0;1;0;0;0;0;1;0;0;0;0;1;1;0;0;0;0;2;0;0;0;0;0;0;0;0;1;0;0;1;0;0;0;0;0;0
2020-08-09;1;13;53;2;0;0;4;0;0;0;0;1;1;0;2;0;0;0;0;0;0;0;0;3;4;0;0;0;1;0;0;1;0;0;0;2;1;1;0;0;0;3;0;0;1;0;1;1;1;0;0;0;1;0;0;0;1;2;0;3;0;0;1;1;2;1;0;4;0;0;0;0;3;0;0;5;0;0;1;0;0;0;0;1;0;4;0;0;0;1;0;1;0;0;0;0;0;0;0
2020-08-10;4;17;51;0;1;0;2;1;0;0;0;0;2;2;2;0;1;2;0;0;0;0;0;5;5;0;0;0;0;1;0;1;2;0;0;0;1;0;0;0;0;4;0;0;0;0;2;0;1;9;0;0;2;0;0;1;8;0;0;0;0;0;4;0;1;0;0;0;3;0;0;0;0;1;1;4;0;0;3;0;2;0;0;1;0;1;0;0;0;0;0;1;2;1;0;0;0;0;0
2020-08-11;5;17;54;1;0;1;6;0;0;0;1;1;0;2;1;0;2;0;0;2;3;1;0;1;4;5;2;0;1;1;0;1;0;2;0;0;0;2;1;0;0;2;0;0;1;0;1;0;0;0;0;1;2;2;1;1;0;1;0;1;0;0;0;0;0;0;0;0;0;1;0;0;0;0;0;1;0;1;0;0;1;0;0;1;0;0;0;0;0;1;0;0;0;0;0;0;0;0;0
2020-08-12;0;20;64;2;0;0;2;0;0;0;0;1;0;1;8;0;1;0;0;1;0;1;1;2;6;0;0;0;0;1;0;0;0;1;0;0;0;0;0;4;1;2;1;0;0;0;0;0;0;7;2;0;1;0;0;0;0;0;2;2;0;0;6;0;0;0;0;1;1;0;0;1;0;2;0;7;0;1;2;0;1;0;0;1;0;0;0;0;0;2;0;0;0;1;0;0;0;0;0
2020-08-13;0;17;46;4;0;0;1;0;0;0;0;0;1;1;4;0;1;2;0;0;0;0;1;5;2;1;1;0;0;0;0;2;0;3;0;0;0;0;0;2;0;1;0;0;0;0;1;0;0;3;1;0;1;0;0;1;0;0;0;1;0;0;3;0;0;0;0;1;1;0;0;0;3;0;0;2;0;0;1;0;0;0;0;0;0;0;0;0;0;0;0;0;1;1;0;0;0;0;0
2020-08-14;0;16;15;5;1;0;3;1;0;0;1;0;3;1;5;0;0;0;0;3;1;0;0;5;1;3;0;0;1;0;1;0;0;1;4;0;0;0;0;1;0;0;0;0;0;1;2;0;1;7;3;1;2;1;0;2;0;0;0;0;1;0;0;1;1;1;0;0;2;0;0;1;0;0;2;2;0;0;0;0;1;2;0;2;0;2;0;0;0;0;0;0;0;0;0;0;0;0;0
2020-08-15;1;12;52;3;0;0;2;0;0;0;0;1;0;1;4;0;1;1;0;1;0;0;1;6;2;0;0;0;2;0;1;0;0;0;1;0;1;0;0;1;0;0;0;0;0;0;1;0;0;5;0;5;2;0;0;0;0;0;2;5;0;0;0;0;0;2;0;0;2;2;0;0;1;0;0;1;1;0;0;0;0;0;0;2;0;0;0;0;0;0;1;0;0;0;0;0;0;0;0
2020-08-16;4;18;21;0;0;0;1;0;0;0;1;0;0;1;9;0;1;1;0;0;0;0;1;5;2;0;3;0;2;1;1;0;0;1;0;0;0;0;0;0;0;0;0;0;1;0;0;0;0;5;1;1;0;0;0;0;0;0;1;1;0;0;2;0;0;0;0;0;0;0;0;0;0;0;1;1;0;0;0;0;0;0;0;1;0;0;0;0;0;0;1;1;0;0;0;0;0;0;0
2020-08-17;0;12;23;2;1;1;0;0;0;0;0;1;2;0;4;0;2;1;0;1;1;1;0;4;2;2;1;0;0;1;0;0;0;1;0;0;0;0;0;2;1;1;1;0;0;0;1;0;0;2;4;3;2;0;0;1;1;0;0;2;0;0;0;1;0;3;0;0;0;0;0;0;1;1;0;0;0;0;0;0;0;0;0;0;0;2;0;0;1;1;1;0;1;0;0;0;0;0;0
2020-08-18;4;18;23;1;0;0;2;1;0;1;1;1;2;0;4;0;2;1;0;0;1;2;0;7;2;2;1;0;0;1;2;0;0;1;0;0;0;0;1;1;1;2;0;0;0;2;2;0;0;3;2;0;0;0;0;0;4;0;0;0;0;0;2;0;0;2;0;0;0;0;2;1;1;0;2;0;0;0;0;0;1;0;0;1;0;0;0;0;0;0;1;1;0;0;0;0;0;0;0
2020-08-19;0;16;10;2;0;0;2;0;1;0;2;0;0;0;5;2;2;1;0;1;0;2;1;3;5;4;2;0;1;0;0;0;1;0;1;0;0;0;0;0;0;0;0;1;0;0;0;0;0;2;0;0;0;0;0;0;0;0;2;0;0;0;0;2;0;3;0;0;0;0;0;0;0;0;1;5;0;0;1;0;0;0;0;0;0;1;0;1;0;0;1;0;0;2;0;0;0;0;0
2020-08-20;1;11;18;2;3;0;3;0;0;0;0;0;2;0;2;0;2;0;0;0;2;1;1;2;5;0;3;1;0;1;1;0;1;0;0;0;0;0;1;1;0;1;0;1;0;0;0;0;0;0;1;1;1;0;0;0;3;0;0;0;1;0;0;0;0;1;1;0;0;0;0;0;1;0;0;2;0;0;0;0;1;0;0;0;0;0;0;0;0;0;0;1;1;0;0;0;0;0;0
2020-08-21;1;10;13;2;1;0;2;2;0;0;0;0;1;0;4;0;1;1;0;0;0;1;0;5;4;0;2;3;0;1;0;1;1;1;0;0;0;0;0;0;0;0;0;0;0;0;0;0;0;1;5;1;0;0;0;1;1;0;1;2;0;0;0;0;1;1;0;1;0;0;0;0;0;0;0;2;1;0;0;0;1;0;0;2;0;0;0;1;0;0;1;1;1;0;0;0;0;0;0
2020-08-22;0;23;15;0;0;0;1;0;1;0;0;0;0;0;3;0;6;5;0;0;1;0;3;4;4;0;0;1;0;1;0;0;0;0;0;0;0;0;0;1;4;0;0;0;1;0;0;0;1;0;3;0;1;1;0;0;0;3;0;0;1;0;0;0;0;1;0;0;0;0;0;0;0;1;0;0;0;0;0;0;0;1;0;0;0;0;0;0;0;0;0;1;0;0;0;0;0;0;0
2020-08-23;0;10;17;2;0;0;0;0;0;0;0;0;3;1;3;0;1;0;0;0;1;0;0;2;3;0;2;1;0;0;0;0;0;0;0;1;0;0;0;3;0;1;0;1;0;0;0;0;0;0;2;0;1;0;0;0;0;7;0;0;0;0;0;1;1;2;0;0;0;0;0;0;0;0;1;3;0;0;1;1;0;0;0;0;0;0;0;1;0;0;0;0;0;0;0;0;0;0;0
2020-08-24;2;12;11;2;1;0;0;0;0;0;0;0;0;0;3;0;0;1;0;0;0;0;0;2;3;2;0;0;0;2;1;0;0;1;0;0;0;0;0;2;2;0;2;1;0;0;0;0;0;1;0;1;1;0;0;2;1;2;0;0;0;0;1;0;1;1;0;0;1;1;0;0;0;0;2;1;0;0;0;0;0;0;0;1;1;0;0;1;0;0;1;1;1;0;0;0;0;0;0
2020-08-25;0;8;10;11;0;0;1;1;0;0;0;0;0;0;3;1;0;0;0;0;0;2;1;0;3;1;4;0;1;0;0;0;0;0;0;0;0;0;0;3;1;4;0;0;0;0;6;0;0;2;1;0;0;0;0;0;0;1;1;0;0;0;1;2;0;2;1;0;0;0;1;0;1;1;0;1;0;0;0;0;0;1;1;0;0;0;0;1;0;0;0;0;1;1;0;0;0;0;0
2020-08-26;2;14;10;2;0;0;1;0;0;1;2;0;0;1;1;0;1;1;0;0;0;0;0;4;3;1;2;0;1;1;2;0;0;2;0;0;0;0;0;2;1;0;3;1;2;0;1;1;0;0;4;0;1;0;0;0;0;0;0;0;0;0;0;0;0;1;1;0;0;2;0;0;1;0;1;1;0;0;1;0;1;1;1;0;0;0;0;0;0;0;0;0;0;0;0;0;0;0;0
2020-08-27;0;12;8;5;1;0;1;0;0;0;0;0;0;0;1;0;0;1;0;0;0;2;0;3;3;1;1;1;0;1;0;0;1;0;1;0;0;0;1;1;0;1;0;0;1;0;1;1;1;0;0;0;2;0;0;0;0;0;0;0;0;1;0;1;0;1;1;0;0;0;0;0;0;0;1;1;0;0;0;1;0;0;0;0;0;0;0;4;0;0;1;1;0;4;0;0;0;0;0
2020-08-28;2;26;12;2;0;0;2;0;0;0;0;0;3;0;2;0;1;0;0;0;3;2;0;12;1;1;2;0;0;0;0;0;1;3;0;0;0;0;5;5;1;2;1;0;0;0;0;2;0;0;0;2;0;0;2;1;0;0;0;0;0;0;0;1;0;1;1;0;0;1;0;0;0;0;0;1;0;0;0;0;0;0;0;1;0;1;0;1;0;0;0;1;0;2;0;0;0;0;0
2020-08-29;0;24;8;2;0;0;0;0;1;0;0;0;1;0;5;0;2;0;0;0;0;1;0;3;2;0;2;1;0;0;0;0;0;0;0;0;1;0;1;1;0;2;0;0;1;0;1;2;0;1;1;0;0;0;0;1;0;2;0;2;0;0;1;3;0;2;0;0;0;0;0;1;0;1;0;1;0;0;0;1;0;0;1;1;0;0;0;1;0;0;0;0;1;0;0;0;0;0;0
2020-08-30;1;26;8;0;0;0;1;1;0;0;0;0;1;0;0;1;1;0;0;0;0;1;1;9;6;3;2;0;0;0;0;1;1;3;0;1;0;0;1;2;1;5;0;0;0;0;2;2;0;0;0;1;2;0;0;0;0;0;0;0;0;0;4;1;0;0;0;2;0;0;0;0;0;0;1;2;0;0;1;0;2;0;0;0;1;2;0;2;0;0;0;0;0;1;0;0;0;0;0
2020-08-31;2;30;13;4;0;0;2;2;0;0;1;0;0;0;0;1;2;0;0;0;0;2;2;14;1;0;2;0;1;0;0;0;0;5;0;0;0;0;2;0;1;1;0;1;1;1;4;0;0;0;4;0;0;0;0;0;0;1;0;0;0;0;5;3;0;0;1;0;0;1;0;0;0;0;2;1;0;0;0;0;0;0;0;1;0;3;1;0;0;0;0;0;0;0;0;0;0;0;0
2020-09-01;8;34;11;6;0;0;4;0;0;0;2;1;1;0;4;0;6;3;2;1;2;1;0;33;4;2;1;0;3;1;1;2;2;2;0;0;0;0;1;2;1;8;0;1;0;0;6;0;0;2;2;0;2;0;0;0;1;4;0;2;0;1;4;1;0;1;1;0;1;1;0;0;0;0;1;2;0;0;0;0;1;1;0;1;0;9;0;2;0;1;0;0;1;0;0;0;0;0;0
2020-09-02;9;40;8;0;0;1;2;0;1;0;0;0;2;0;1;2;5;0;0;1;0;1;2;17;2;1;3;0;1;0;0;0;0;5;0;0;0;3;1;0;0;4;0;1;2;0;4;1;0;0;7;1;0;0;1;3;0;1;0;0;0;0;3;1;0;1;1;0;0;1;0;0;0;1;0;2;0;0;0;2;2;0;2;3;0;0;1;1;0;0;0;0;1;0;0;0;0;0;0
2020-09-03;5;55;10;7;0;0;2;1;1;0;1;1;1;0;8;5;1;0;0;5;2;0;4;15;1;1;6;0;0;1;1;1;3;6;0;1;0;6;0;1;0;6;0;0;2;0;1;0;0;0;2;0;2;1;0;0;3;3;0;0;1;0;4;2;2;1;0;0;0;0;0;0;0;0;2;3;0;0;0;0;0;1;0;2;0;2;0;0;0;0;0;0;0;0;0;0;0;0;0
2020-09-04;9;47;8;11;0;0;3;0;1;0;5;1;4;3;7;3;1;0;0;3;5;1;0;16;0;2;1;2;0;1;1;0;2;2;0;0;1;3;3;4;0;1;1;1;0;0;0;0;0;1;7;0;2;0;1;1;0;2;0;3;0;0;1;4;0;0;0;0;0;1;0;0;0;0;4;2;0;0;0;0;2;1;1;6;0;1;3;1;0;0;0;0;2;0;0;0;0;0;0
2020-09-05;3;48;8;2;0;0;3;0;0;0;3;2;5;1;2;2;7;0;0;2;2;0;2;20;0;2;5;1;3;1;1;2;3;4;0;1;0;5;0;6;0;5;0;2;1;1;1;0;1;1;2;0;4;1;1;2;0;2;0;1;0;0;0;2;0;0;2;0;0;0;0;0;0;1;4;2;0;0;0;0;1;1;2;2;0;2;2;0;1;0;0;1;2;1;0;0;0;0;0
2020-09-06;4;66;10;9;0;0;4;1;0;1;0;4;4;0;5;1;0;1;0;2;3;0;1;14;1;0;3;0;3;2;0;0;0;10;0;0;0;11;0;6;1;3;0;3;0;0;4;1;0;0;5;0;6;0;0;0;0;0;0;0;0;0;2;4;2;0;0;0;0;1;0;0;1;0;1;6;0;0;1;0;3;0;0;4;0;3;1;2;0;1;0;0;1;0;0;0;0;0;0
2020-09-07;9;81;9;10;3;0;6;1;1;0;0;5;3;4;5;7;1;0;0;2;5;0;1;11;4;0;3;1;4;2;0;0;2;5;2;0;1;8;2;6;1;2;0;9;1;1;0;1;0;1;3;0;28;0;1;1;0;0;0;2;1;0;4;4;1;0;1;0;0;0;0;0;0;0;2;3;0;0;10;0;2;1;1;1;0;4;0;0;0;1;1;2;0;1;0;0;0;0;0
2020-09-08;10;63;11;16;1;2;4;0;0;0;2;3;3;2;10;5;5;0;3;1;3;1;1;12;5;0;12;1;1;2;0;2;14;10;1;0;0;3;0;4;18;4;0;0;3;1;3;0;0;1;5;0;16;8;2;1;0;0;0;1;0;0;3;5;1;3;0;0;0;0;1;0;0;0;4;2;0;0;1;0;1;2;0;3;0;12;3;0;1;1;1;4;1;1;0;0;1;0;0
2020-09-09;6;62;14;16;1;0;5;0;0;1;2;4;4;1;9;2;10;2;0;1;1;2;1;15;0;0;5;0;4;4;2;2;9;6;0;0;0;5;2;8;3;1;1;3;1;0;1;1;1;1;5;1;4;0;1;2;0;0;1;0;2;1;9;3;2;1;2;1;0;0;0;0;0;2;3;8;0;0;0;0;2;2;2;1;0;5;0;0;1;0;0;6;4;1;0;0;1;0;0
2020-09-10;5;83;9;16;5;0;3;0;1;0;3;6;5;5;12;5;14;1;4;2;3;5;0;15;0;0;7;0;7;2;0;0;8;9;1;0;0;6;3;6;3;4;1;1;1;0;3;1;1;2;2;0;17;1;0;4;0;1;0;2;2;0;5;5;2;1;1;0;0;0;2;4;2;1;1;5;0;0;0;0;1;1;1;14;0;5;1;3;0;2;2;9;0;2;0;0;0;0;0
2020-09-11;8;80;16;13;0;1;4;1;1;0;1;4;1;1;15;5;10;3;2;1;0;0;1;9;3;2;1;0;7;2;2;0;7;8;0;0;0;4;9;4;7;3;3;0;0;0;3;1;1;11;2;4;3;1;1;1;1;1;1;2;0;0;3;3;0;3;0;1;3;1;0;0;1;0;6;5;3;0;1;0;3;1;0;4;2;4;0;0;1;4;2;16;1;5;0;0;1;0;0
2020-09-12;7;66;8;10;0;0;4;1;0;0;4;4;4;0;10;6;12;1;2;1;2;1;2;6;2;0;13;0;0;2;0;1;0;8;0;0;0;3;5;4;6;14;3;3;1;0;2;0;1;2;8;0;1;1;0;1;0;0;0;1;2;0;4;4;1;0;1;1;1;0;3;1;1;0;6;5;3;0;0;1;2;2;2;8;0;5;0;0;0;1;0;8;2;3;0;0;1;0;0
2020-09-13;4;71;4;10;0;1;2;1;0;0;1;5;3;0;19;6;9;0;0;3;0;3;3;11;1;0;3;1;4;4;0;4;3;5;1;2;0;3;0;3;6;7;0;1;1;0;1;1;1;1;7;1;5;1;0;3;0;1;2;2;0;0;10;4;0;0;0;0;0;0;0;0;1;0;3;8;0;0;2;0;0;0;2;10;0;4;0;0;0;0;0;14;0;7;0;0;0;0;0
2020-09-14;7;90;17;15;1;1;10;2;1;0;2;1;7;0;20;5;13;1;0;6;1;1;3;10;1;2;4;1;6;8;0;4;1;7;0;0;3;2;0;7;0;6;2;3;1;0;2;0;1;2;4;0;10;2;0;0;0;0;0;2;1;2;11;5;0;0;0;0;0;1;1;5;4;1;5;6;1;1;0;0;4;1;5;9;2;4;0;2;0;1;0;8;2;2;0;0;0;0;0
2020-09-15;7;106;23;22;0;0;6;2;1;0;3;4;7;1;25;3;14;0;1;3;5;3;2;4;4;4;5;0;4;2;0;9;1;10;2;0;1;7;2;12;3;13;5;3;2;2;2;3;3;4;5;0;1;2;2;0;3;1;1;1;0;0;6;4;1;1;0;1;0;0;5;2;1;0;3;7;2;0;2;1;4;2;0;12;0;2;0;0;0;0;0;13;1;3;0;0;1;0;0
2020-09-16;8;140;25;28;0;0;17;1;8;2;5;0;8;0;34;3;11;1;2;1;3;2;2;11;2;9;4;0;7;2;3;22;0;8;0;0;1;4;1;5;5;13;0;7;0;0;5;1;1;0;4;1;9;4;2;3;0;1;1;1;1;2;8;7;1;0;0;0;0;1;2;3;13;1;5;13;1;1;0;2;2;0;4;7;1;8;1;1;0;4;0;14;2;7;0;0;0;0;0
2020-09-17;10;130;28;17;2;3;15;0;6;1;3;2;9;3;18;3;6;0;6;3;1;4;4;17;6;6;5;1;10;9;0;11;0;11;3;1;2;6;3;1;2;17;1;8;1;2;2;1;0;5;10;2;6;3;0;3;0;0;2;1;0;1;11;4;2;1;0;1;0;0;0;2;7;1;6;10;0;1;0;0;7;3;3;3;0;4;2;0;0;1;0;8;0;4;1;0;0;0;0
2020-09-18;5;104;45;19;0;2;11;0;4;1;2;3;3;1;28;5;8;0;5;1;5;3;6;7;1;5;5;0;5;5;1;6;0;8;0;0;0;5;1;2;3;13;0;8;4;0;7;1;0;2;6;0;8;2;4;0;1;3;0;0;1;3;9;3;3;0;3;3;0;0;2;1;5;1;3;12;1;0;0;1;6;1;2;14;1;5;0;2;0;3;0;7;3;6;0;0;0;0;0
2020-09-19;14;99;22;14;1;0;13;1;4;0;5;1;7;1;15;7;11;1;1;4;3;2;6;8;7;3;5;1;12;3;3;16;1;1;0;1;1;0;1;4;1;5;4;6;2;1;4;0;1;2;7;0;4;5;5;0;1;1;2;3;0;0;9;2;1;0;0;0;4;2;0;1;1;1;1;6;2;1;0;0;5;0;1;8;0;3;2;0;0;0;0;5;1;7;0;0;0;0;0
2020-09-20;8;98;31;13;1;2;10;5;0;1;4;7;2;4;22;4;7;2;0;2;2;2;6;5;2;3;1;3;2;5;0;5;1;3;2;1;1;1;1;7;3;9;5;7;1;0;4;1;1;2;13;0;7;1;2;1;1;2;1;1;2;0;12;1;1;0;1;1;0;0;0;0;3;0;1;9;1;0;0;2;4;0;5;8;0;3;0;1;0;2;1;9;0;2;1;0;0;0;0
2020-09-21;11;116;34;18;0;1;12;1;9;0;2;1;1;1;41;5;7;1;3;4;6;4;6;7;4;3;3;3;7;8;2;8;1;14;1;0;0;4;2;1;3;15;2;7;3;0;3;2;1;4;13;0;9;2;4;1;2;2;0;5;1;1;11;5;6;0;6;0;0;1;0;1;5;1;3;21;4;0;0;2;6;0;2;3;0;6;2;0;0;4;0;4;1;7;1;0;0;0;0
2020-09-22;12;118;58;39;1;3;11;3;3;1;5;3;4;7;40;2;5;1;1;0;5;2;6;11;10;1;4;4;12;5;4;3;5;9;2;0;1;4;1;2;8;16;4;7;6;0;4;0;0;4;13;0;8;2;4;1;0;10;7;5;0;1;6;3;1;1;6;1;1;0;3;2;0;0;5;11;2;0;1;3;14;0;2;3;0;3;0;1;0;2;2;2;0;2;0;0;0;0;0
2020-09-23;5;122;71;30;1;2;11;20;8;2;3;2;2;3;23;8;8;2;2;3;19;4;5;18;8;5;7;3;8;7;2;7;2;14;0;3;0;2;0;5;2;10;3;10;3;1;5;1;1;9;13;1;11;6;3;0;1;7;6;11;1;0;6;11;1;1;3;2;0;5;3;4;5;1;4;9;0;1;1;8;7;1;6;7;0;2;0;1;0;3;0;1;2;2;0;0;0;0;0
2020-09-24;8;100;71;21;2;1;12;6;1;0;3;6;4;4;12;3;6;1;3;0;8;4;12;18;5;1;5;2;16;5;3;2;7;12;2;1;2;6;0;11;4;8;2;14;3;0;6;0;1;11;17;0;16;5;2;2;6;11;1;3;0;2;14;6;1;1;5;3;4;1;1;1;3;0;6;9;0;2;0;1;5;0;6;11;1;6;1;1;0;3;0;3;0;3;0;0;0;0;0
2020-09-25;3;79;64;9;0;1;7;8;3;0;4;5;3;4;25;3;5;1;1;3;16;4;8;18;4;6;7;3;10;6;0;5;2;8;0;1;0;8;3;2;3;10;0;14;5;0;2;1;0;3;12;0;4;2;2;3;0;2;7;4;1;3;7;5;2;0;0;0;1;6;1;0;1;0;4;3;3;0;0;3;3;2;3;9;0;3;0;1;0;1;0;3;4;1;2;0;0;3;0
2020-09-26;8;74;51;5;3;3;7;5;1;2;1;2;3;3;12;1;4;1;1;3;3;6;2;7;6;7;3;4;4;4;5;9;1;10;0;0;1;7;0;1;4;13;2;4;3;0;4;0;0;4;8;0;5;4;3;1;2;0;0;9;0;0;7;11;1;1;0;0;1;1;0;1;1;1;3;3;4;1;0;3;5;0;0;3;0;1;2;1;0;1;2;1;1;1;0;0;0;0;0
2020-09-27;4;52;53;10;0;0;8;3;3;1;4;1;3;4;6;4;2;0;3;3;7;2;6;10;3;2;5;1;10;13;3;1;1;4;1;0;0;4;0;7;1;9;0;6;0;1;7;0;1;4;8;1;5;3;0;1;2;3;0;1;0;0;11;5;2;0;2;1;2;3;0;0;1;1;5;5;1;0;0;1;4;1;4;3;1;1;0;4;0;0;0;1;1;0;0;0;0;0;0
2020-09-28;9;74;71;11;0;0;8;12;5;3;5;4;3;3;8;6;5;0;2;4;9;4;5;11;3;8;0;5;3;2;3;6;2;7;1;3;2;2;3;9;1;8;4;3;2;0;6;0;1;4;11;1;9;1;2;1;1;5;2;6;3;2;8;11;1;0;2;5;3;1;2;1;2;1;4;3;0;2;0;6;4;0;5;13;1;2;2;0;0;0;0;2;2;2;0;0;1;2;0
2020-09-29;4;69;67;8;1;0;4;2;2;0;2;3;2;5;14;3;4;1;4;3;5;3;5;9;3;3;3;0;9;8;0;5;2;6;2;4;0;2;6;7;3;10;5;15;2;0;7;1;2;6;11;3;6;1;3;1;4;9;1;1;0;3;4;10;0;1;1;1;1;4;0;1;0;4;3;4;1;1;0;4;5;0;2;5;2;9;0;0;0;3;0;5;2;2;0;0;0;0;0
2020-09-30;4;63;56;7;0;3;5;3;2;1;2;0;5;7;11;2;4;2;2;3;11;3;7;13;3;6;6;3;4;7;2;2;1;9;1;2;2;2;6;8;7;1;8;12;2;1;1;0;3;4;11;0;7;3;1;7;0;8;1;3;0;1;9;7;1;1;1;4;0;1;0;0;2;5;4;6;0;0;0;1;9;1;1;4;0;4;0;0;1;2;0;4;4;1;0;0;0;0;0
2020-10-01;4;56;47;7;0;1;4;2;2;2;6;0;8;4;14;2;3;1;4;0;6;5;3;7;5;1;7;6;5;3;0;5;2;11;1;0;0;7;4;16;6;9;0;11;1;0;8;2;0;4;6;10;16;2;0;5;4;5;1;8;1;2;7;6;0;3;1;1;3;3;0;1;0;0;0;3;0;0;0;4;4;1;2;5;1;3;0;2;1;3;2;2;4;1;1;0;1;0;0
2020-10-02;3;45;47;6;0;1;5;2;3;1;5;3;4;0;4;2;10;0;4;1;8;3;5;12;7;2;2;1;7;1;0;0;2;6;1;3;0;1;8;10;7;5;1;9;1;2;4;1;1;4;2;5;5;1;2;1;1;2;0;2;0;1;3;7;1;1;1;4;0;6;0;0;0;2;7;4;1;0;1;2;5;0;1;7;1;6;1;3;0;4;3;7;4;2;0;0;0;0;0
2020-10-03;3;58;26;4;0;6;3;2;2;0;2;1;6;1;14;3;10;1;1;1;1;2;5;8;6;3;6;1;5;1;4;0;7;7;0;1;0;10;0;8;2;3;1;7;2;2;4;1;1;0;6;3;5;2;0;1;1;3;2;2;1;1;8;5;1;12;2;0;3;4;0;1;0;0;4;4;3;0;0;2;8;0;0;1;0;2;0;3;0;0;2;0;2;2;0;0;0;0;0
2020-10-04;7;47;30;3;4;0;3;1;2;1;4;2;5;3;7;3;3;1;3;1;2;2;8;13;3;1;5;0;8;2;0;2;1;7;2;1;0;4;3;8;5;3;1;1;2;0;5;0;1;0;9;4;4;0;1;1;0;3;2;3;0;0;4;5;0;3;0;1;1;2;0;1;0;1;2;7;4;0;2;0;12;0;1;5;0;2;0;0;0;1;1;1;1;2;0;0;0;0;0
2020-10-05;4;61;30;3;0;2;2;3;1;1;2;2;8;2;20;2;3;5;6;1;2;2;2;21;12;3;5;2;6;6;0;2;3;7;1;0;0;5;3;10;5;5;2;8;1;2;0;1;4;5;5;17;6;0;7;1;1;9;1;2;0;0;5;4;1;5;2;1;0;1;0;2;4;0;2;7;6;0;1;1;11;1;2;5;2;2;1;0;0;2;7;15;3;1;1;0;0;0;0
2020-10-06;5;94;34;5;1;1;7;4;2;3;1;4;8;2;10;3;1;3;3;0;2;2;2;17;6;3;9;1;4;10;1;1;4;5;0;2;1;1;4;2;20;2;1;2;3;4;4;0;0;6;4;8;9;1;3;1;0;7;0;3;0;4;4;5;1;4;0;0;1;0;0;0;3;0;4;2;6;0;2;2;13;0;3;1;1;3;1;3;0;1;4;6;5;0;0;1;0;0;0
2020-10-07;1;54;43;7;2;1;5;3;0;3;1;1;6;1;8;4;5;4;9;2;5;1;2;10;12;1;13;2;4;5;0;5;1;5;1;1;0;1;5;8;43;2;2;4;3;3;4;0;0;3;7;12;8;1;2;1;1;6;3;1;0;2;10;7;0;2;4;3;0;3;0;3;4;1;6;6;8;0;2;0;5;0;1;4;3;4;0;2;0;2;7;9;5;0;0;0;0;1;0
2020-10-08;4;55;37;6;0;0;6;1;2;4;1;1;6;0;14;1;2;1;5;3;1;3;2;14;9;2;2;0;3;4;1;6;3;6;2;2;0;1;9;7;20;3;0;3;1;4;8;0;1;2;8;14;2;1;0;4;0;8;1;6;0;7;4;6;1;1;0;2;1;3;3;0;4;0;4;5;13;0;2;0;6;0;2;1;1;4;1;3;0;0;21;6;2;1;0;1;0;0;0
2020-10-09;4;60;27;4;1;2;6;2;1;0;0;2;5;3;12;5;5;0;3;2;1;3;11;9;11;10;7;1;5;3;1;7;4;5;0;4;1;3;5;6;17;4;1;3;0;3;0;1;2;6;5;8;6;0;1;3;1;2;3;2;0;8;5;3;1;6;1;3;0;0;1;0;1;0;4;4;10;1;0;0;5;0;3;5;3;5;2;3;0;1;11;7;5;1;1;1;0;0;0
2020-10-10;1;43;28;5;2;0;9;1;0;0;1;2;1;0;10;3;5;2;5;3;4;5;2;11;14;4;1;0;3;4;1;1;1;2;1;0;1;1;4;2;8;4;0;5;0;0;1;0;1;4;1;6;2;2;0;1;1;1;1;2;0;1;4;2;0;0;2;3;0;0;0;4;2;0;2;3;6;0;0;0;3;0;0;2;0;5;0;6;0;1;5;5;1;1;0;0;0;0;0
2020-10-11;6;46;25;2;2;0;1;1;0;1;0;1;6;4;7;3;2;0;2;4;1;2;2;6;7;5;3;1;1;2;1;2;0;6;0;1;0;0;3;3;4;2;1;7;0;0;2;1;1;5;2;5;1;0;0;0;0;3;3;2;1;7;1;2;2;0;0;2;1;1;2;2;1;0;0;5;6;0;1;0;2;0;0;4;1;2;0;1;0;0;3;7;2;1;0;0;0;0;0
2020-10-12;7;57;31;6;0;2;5;3;0;0;4;5;5;3;10;1;9;2;1;6;2;2;5;9;13;7;14;2;4;5;42;5;3;7;2;1;0;2;5;8;22;3;0;1;1;1;3;1;1;3;4;8;1;0;1;7;0;0;2;3;1;3;5;2;2;8;2;4;1;9;1;2;1;0;4;5;5;0;5;3;3;1;3;1;0;0;1;1;0;1;7;8;4;2;1;1;0;0;0
2020-10-13;2;57;37;9;4;2;9;1;0;4;1;1;1;1;14;4;6;1;5;5;3;2;5;19;5;1;5;3;3;6;1;7;3;4;1;2;1;2;3;7;11;7;0;3;0;3;1;1;0;8;5;1;1;0;0;4;2;1;13;2;0;14;5;4;4;3;3;1;3;5;0;1;2;0;3;7;16;0;2;3;1;1;3;1;0;2;1;2;0;2;4;10;5;1;0;1;0;0;0
2020-10-14;7;83;30;5;1;0;3;2;0;4;6;4;1;3;7;1;7;1;5;8;0;2;6;20;15;4;7;1;9;8;16;1;1;13;0;3;4;4;14;9;4;2;1;1;0;0;2;0;3;5;3;5;0;0;1;5;1;6;6;1;0;2;4;5;3;5;1;3;2;0;0;0;2;2;4;11;25;0;5;4;3;0;3;5;2;1;1;2;0;3;1;6;2;0;0;0;1;0;0
2020-10-15;2;84;31;9;1;5;2;2;2;0;5;7;3;3;4;3;14;3;1;3;2;2;8;23;13;6;5;2;5;1;9;1;2;7;2;0;1;3;6;5;9;4;1;8;1;0;2;0;1;5;5;2;4;0;2;0;0;2;8;3;1;5;5;1;2;7;3;1;0;5;0;0;4;1;3;8;13;1;2;2;3;2;6;0;0;4;0;2;0;0;9;5;6;0;0;1;0;0;0
2020-10-16;2;76;46;12;0;4;6;4;0;0;1;2;8;2;14;1;11;1;2;3;7;5;4;10;9;9;4;1;2;9;5;6;3;12;2;3;0;4;5;9;5;5;1;10;0;1;5;1;1;3;4;1;2;1;1;3;4;0;8;3;1;3;10;9;3;13;3;1;0;0;3;1;1;1;2;5;5;2;3;7;3;2;5;2;0;2;2;1;0;2;1;4;2;1;0;2;0;0;0
2020-10-17;1;88;31;14;2;0;7;1;2;1;9;7;6;2;11;1;6;0;1;6;1;2;2;20;4;3;8;6;1;7;1;0;0;5;0;3;4;0;7;6;5;6;0;7;3;0;4;0;1;1;5;3;7;0;0;2;1;3;8;3;1;3;12;4;3;4;2;0;0;1;0;1;2;1;2;3;8;0;6;5;14;0;0;3;0;6;0;3;0;0;4;5;3;0;0;0;0;0;0
2020-10-18;4;80;35;18;0;0;3;1;2;3;4;6;4;3;11;1;11;2;2;6;7;1;3;14;3;7;6;9;5;4;3;6;2;11;2;1;0;7;4;1;1;9;1;6;3;0;6;0;2;1;8;1;2;0;2;2;1;3;0;4;1;6;10;2;2;1;5;1;1;0;0;1;4;1;2;7;18;3;3;4;13;3;2;7;0;2;4;3;0;0;1;2;2;0;0;0;0;0;0
2020-10-19;8;100;69;20;0;3;7;1;2;5;10;6;7;3;31;5;9;5;3;10;3;4;7;26;10;5;11;6;10;4;5;5;4;15;7;1;3;12;2;2;9;5;3;17;3;2;10;3;6;2;2;8;7;0;5;3;2;0;11;0;0;2;19;6;1;10;2;3;0;2;1;2;7;1;3;13;11;0;6;8;11;5;2;2;2;2;0;1;1;2;3;10;1;1;0;0;0;0;0
2020-10-20;14;95;109;13;3;1;9;2;4;1;21;7;10;5;33;2;8;2;4;4;12;6;9;36;10;9;21;10;12;4;4;0;1;12;4;5;2;7;4;11;12;13;5;4;1;4;10;0;2;1;4;8;2;0;3;2;1;4;7;6;5;1;10;0;1;3;3;0;1;1;0;1;11;1;5;27;21;0;8;5;14;1;9;5;0;6;0;2;1;1;8;9;3;0;0;0;0;0;0
2020-10-21;11;123;137;17;0;2;9;8;8;0;3;7;13;4;47;2;5;1;0;4;15;4;8;37;4;10;8;1;16;5;1;2;6;9;1;7;2;5;5;10;9;11;2;9;6;0;3;0;3;5;7;5;5;1;7;5;2;2;8;3;3;4;16;10;0;16;0;4;3;3;1;1;13;4;6;26;6;0;7;5;10;0;3;13;1;8;1;3;1;0;6;3;7;10;0;0;0;0;0
2020-10-22;6;163;69;22;3;1;10;3;5;6;11;6;10;4;36;4;11;3;0;5;11;12;7;51;9;8;10;4;12;15;6;5;1;12;2;4;2;4;11;18;11;12;3;9;3;1;7;1;0;0;11;3;6;1;1;6;7;2;9;3;0;5;13;11;1;8;3;6;0;0;2;9;7;2;5;21;8;0;6;4;12;0;5;16;3;14;0;1;2;5;1;5;7;3;1;0;1;0;0
2020-10-23;11;137;76;21;1;2;21;2;1;0;8;9;12;5;50;2;8;0;3;4;16;9;6;41;6;14;10;13;6;7;4;1;3;10;0;5;5;7;6;15;11;12;1;10;4;0;6;2;0;8;17;3;4;1;7;4;4;4;7;5;1;3;10;6;1;10;1;3;0;2;1;7;14;2;5;33;12;0;5;2;15;1;4;7;3;5;1;1;2;3;3;17;7;5;0;0;0;0;0
2020-10-24;11;129;64;16;2;1;9;2;1;0;7;2;23;13;48;4;5;9;2;6;7;8;7;34;9;5;4;2;20;19;8;1;0;18;3;4;5;5;9;18;6;17;11;14;3;1;5;1;4;2;7;5;2;3;2;2;3;6;5;1;2;4;14;10;2;12;5;1;0;0;3;7;6;1;5;22;9;1;6;7;12;0;5;5;1;14;0;6;1;5;2;3;4;4;0;0;0;0;0
2020-10-25;9;149;63;28;0;2;7;2;5;2;8;13;20;8;57;3;6;4;3;8;9;7;9;39;6;3;12;5;18;2;6;1;4;11;4;8;6;4;10;10;7;16;8;12;4;1;11;7;7;5;11;2;8;3;2;7;10;9;2;8;1;3;8;2;2;9;2;4;0;1;0;2;15;1;6;38;12;0;12;3;14;5;5;14;3;20;0;4;1;3;0;8;6;1;0;0;1;0;0
2020-10-26;12;146;66;24;6;3;13;1;4;2;5;5;11;4;81;8;17;5;1;4;9;13;21;35;7;2;16;8;10;9;3;3;4;26;5;2;4;6;8;12;7;28;3;19;4;4;6;5;5;5;17;3;5;1;1;4;4;8;9;5;6;5;10;4;8;6;3;3;1;0;2;7;11;2;11;32;8;1;5;11;11;3;7;16;3;15;0;11;0;3;7;9;10;3;0;0;1;0;0
2020-10-27;20;203;84;29;6;4;9;1;2;3;13;8;18;17;75;3;6;4;3;10;9;3;9;33;6;9;12;9;27;11;9;5;5;28;11;6;1;5;10;19;8;27;10;20;5;8;13;3;9;5;12;7;1;1;7;2;5;11;1;25;5;3;17;7;4;13;3;7;5;1;4;6;12;8;6;50;10;0;12;9;10;5;8;14;20;24;0;6;2;5;5;4;9;5;0;0;0;2;0
2020-10-28;16;197;94;37;4;3;10;3;1;2;12;10;21;15;56;15;23;4;3;6;20;17;10;35;13;14;21;9;18;13;1;1;1;18;4;5;6;10;14;6;9;14;4;33;7;4;18;4;4;17;11;7;4;0;3;6;3;30;7;3;3;2;11;8;4;7;6;10;1;3;3;9;14;8;4;33;7;1;6;11;9;4;4;11;1;25;2;7;0;3;4;5;13;3;0;0;0;0;0
2020-10-29;17;190;48;18;7;0;18;2;3;2;9;4;10;13;58;10;11;2;1;5;18;14;21;26;8;8;24;9;18;2;4;4;2;22;5;6;1;8;10;15;8;16;9;9;3;5;11;3;6;4;8;5;6;1;2;3;2;16;6;8;2;8;13;10;1;3;2;6;0;1;6;10;12;8;4;30;3;1;3;7;8;6;7;11;7;19;1;7;1;6;0;5;4;11;0;0;0;0;0
2020-10-30;15;170;70;26;7;3;24;7;4;2;6;7;15;12;54;7;7;3;3;4;24;8;12;24;9;9;15;6;17;3;8;0;3;29;6;6;4;9;14;5;9;20;2;20;10;7;13;3;5;7;13;6;12;4;1;1;7;17;3;9;2;3;11;7;4;4;3;1;2;3;2;4;19;6;7;40;13;3;4;4;8;5;10;9;8;20;2;2;2;3;4;16;9;2;0;0;0;0;0
2020-10-31;16;212;72;33;6;2;14;7;3;2;5;8;11;10;48;9;7;6;4;7;13;8;11;18;10;5;6;9;22;8;7;2;1;17;5;8;0;11;12;11;2;15;10;9;0;3;10;1;3;7;12;1;14;3;1;2;1;5;4;4;0;0;14;19;4;9;3;2;1;0;2;2;19;5;1;25;2;0;7;5;10;5;7;14;7;15;1;7;1;4;2;0;1;6;0;0;0;0;0
2020-11-01;14;149;77;28;3;3;46;3;5;6;6;7;18;6;47;13;8;3;6;6;3;12;14;41;7;6;8;4;17;6;2;4;1;15;5;7;6;10;11;9;11;17;1;12;3;3;10;6;9;9;9;5;4;2;1;4;2;7;2;5;6;2;6;10;7;8;4;5;2;1;3;2;8;7;5;19;7;4;1;4;9;4;10;12;6;10;6;3;0;2;1;3;6;4;0;0;0;1;0
2020-11-02;31;236;71;37;11;1;22;6;3;9;5;7;13;8;55;8;9;5;5;11;10;18;15;30;8;4;33;8;36;5;11;6;6;20;5;8;2;9;17;11;6;24;4;15;5;12;6;1;4;15;13;7;23;8;3;3;3;15;3;18;0;1;10;12;8;4;3;6;2;0;5;6;11;5;10;47;2;1;15;1;16;4;9;12;12;13;0;7;1;11;3;3;10;7;0;0;0;0;0
2020-11-03;26;231;96;16;10;3;22;3;3;6;23;8;10;10;64;17;6;7;5;6;11;10;23;27;7;7;37;9;13;7;5;8;3;25;6;13;4;13;12;7;12;7;5;15;3;5;23;0;2;10;15;1;17;1;4;9;5;13;6;9;4;3;14;27;3;6;1;4;1;3;7;3;17;10;10;34;5;0;12;6;18;2;3;18;5;12;4;5;0;7;3;4;6;10;1;0;0;1;0
2020-11-04;20;224;113;34;4;0;28;16;4;6;5;13;9;9;38;15;11;2;8;14;16;15;26;31;16;4;17;11;17;19;3;7;5;26;4;14;0;7;15;7;14;17;6;22;10;2;19;3;3;7;12;6;26;2;3;5;2;10;4;4;5;0;17;3;2;6;4;2;1;1;3;5;15;5;9;23;2;4;11;2;6;8;4;15;3;19;2;8;0;11;11;6;4;7;0;0;0;0;0
2020-11-05;14;176;73;17;15;2;31;3;1;1;23;11;7;13;35;8;5;7;5;2;10;16;26;21;11;9;21;5;21;6;3;2;4;17;3;9;4;17;13;4;8;14;8;14;5;7;10;2;9;11;6;3;16;2;3;6;7;13;6;7;3;5;11;20;4;11;0;2;0;2;2;3;4;2;2;26;1;0;14;7;15;2;4;5;3;14;2;6;0;9;5;1;2;5;1;0;0;1;0
2020-11-06;24;170;61;15;2;1;26;6;1;3;15;6;10;8;24;18;8;7;4;4;12;16;26;21;5;10;13;1;14;11;4;2;2;19;8;12;1;10;4;4;8;17;4;17;7;5;14;1;7;7;13;7;14;0;2;7;2;4;5;13;3;4;9;4;0;7;4;2;4;1;2;7;4;1;4;30;2;0;13;0;14;6;7;9;8;8;2;5;0;13;2;2;7;4;1;0;0;0;0
2020-11-07;21;147;76;11;7;1;18;2;3;4;5;6;12;9;22;12;3;3;4;10;5;23;16;24;8;6;7;4;8;8;4;4;2;21;5;4;3;9;7;4;7;11;1;7;12;0;12;1;9;5;8;1;14;0;1;4;8;6;4;7;3;2;14;11;0;17;1;3;2;0;0;7;14;2;6;10;1;3;13;1;15;3;3;5;5;11;5;5;0;2;2;2;2;6;0;0;0;0;0
2020-11-08;7;138;72;21;3;1;11;3;11;2;8;4;6;3;20;0;13;5;5;6;10;16;7;28;16;5;5;2;5;6;8;2;1;17;7;5;2;15;13;1;3;13;3;5;5;4;9;3;6;3;10;2;9;0;0;3;4;5;5;4;3;0;10;3;1;6;1;4;2;1;2;2;6;3;2;18;1;2;4;2;11;4;5;5;7;7;1;0;1;5;2;1;3;6;0;0;0;0;0
2020-11-09;13;185;86;23;12;6;13;1;6;2;7;7;12;12;30;11;4;2;3;4;11;13;20;29;7;7;23;6;23;12;3;8;7;23;3;11;7;9;14;1;17;11;4;9;4;2;14;1;5;4;9;2;18;0;1;4;3;12;3;10;5;6;18;11;3;13;0;1;6;1;4;6;5;2;6;13;7;2;11;7;16;2;23;8;6;4;5;4;0;7;2;1;12;8;0;0;0;3;0
2020-11-10;30;186;76;21;15;0;23;3;3;4;10;6;8;12;28;3;9;3;6;8;6;21;16;23;14;7;20;3;13;1;3;4;1;21;2;8;1;21;16;2;12;23;5;10;6;4;28;3;4;15;8;7;16;3;2;6;5;11;3;8;4;4;15;12;7;14;1;4;5;6;1;1;8;1;2;17;1;1;8;1;21;3;8;3;8;10;9;8;0;9;4;3;7;5;0;0;0;1;0
2020-11-11;19;168;87;24;11;0;26;10;1;2;11;3;11;24;25;5;9;1;3;4;16;18;17;24;12;11;17;11;8;7;4;4;3;18;0;11;2;21;15;6;25;17;1;9;4;2;24;2;3;14;16;8;19;2;2;5;8;13;10;16;6;6;15;9;5;23;2;2;7;3;1;2;6;13;3;9;3;2;7;5;11;2;10;4;8;7;5;8;1;5;3;1;8;15;0;0;0;0;0
2020-11-12;29;192;83;15;8;3;21;2;2;4;12;10;8;13;33;8;9;3;5;5;6;13;15;20;11;7;22;3;10;8;3;9;2;26;6;4;1;18;22;3;24;9;1;4;2;0;20;1;4;11;12;0;21;1;2;11;7;8;4;10;2;8;14;8;5;17;0;3;6;4;4;2;8;2;6;16;2;2;8;8;15;2;12;3;6;10;5;7;1;2;4;2;18;10;2;0;0;0;0
2020-11-13;24;187;80;18;6;0;17;6;1;4;8;5;13;18;31;3;18;7;3;15;11;19;17;21;16;6;22;1;18;4;3;5;0;36;1;6;3;20;22;2;17;10;2;11;11;3;33;3;6;4;13;3;12;8;3;7;2;15;9;5;7;13;19;12;8;29;3;4;2;2;4;6;13;6;5;13;1;6;8;0;13;2;13;10;12;14;9;2;0;4;3;1;8;16;0;1;0;0;0
2020-11-14;21;198;50;25;8;2;17;4;2;5;7;6;10;12;24;2;19;3;10;7;7;5;6;41;16;3;15;9;9;3;3;6;3;23;2;9;1;8;24;4;27;16;5;9;5;3;25;2;8;11;12;0;12;1;3;15;2;5;7;11;2;10;11;9;6;22;3;3;6;4;3;8;6;5;5;5;1;2;9;5;12;1;7;14;1;11;8;4;0;3;7;0;25;17;0;0;0;2;0
2020-11-15;25;162;46;20;7;5;12;5;2;1;14;7;7;17;21;5;16;5;5;5;7;12;13;35;13;4;13;2;14;4;5;8;0;20;1;3;3;9;21;5;17;8;2;12;4;2;28;2;8;10;14;2;5;1;1;4;1;6;5;10;2;3;16;5;7;26;3;4;8;4;0;2;6;12;9;15;2;8;12;2;10;1;12;22;6;11;8;7;1;4;8;2;10;20;0;0;0;0;0
2020-11-16;37;226;92;29;8;2;16;8;2;4;17;7;9;8;22;7;20;3;5;9;6;8;19;38;15;6;22;6;21;12;2;8;2;20;6;3;2;12;15;4;15;23;3;11;8;2;24;2;4;9;12;1;25;2;4;12;4;7;2;14;1;12;24;8;7;31;3;7;8;15;0;3;14;1;4;16;4;3;4;10;11;0;6;4;7;12;6;12;0;7;17;2;19;27;0;0;0;1;0
2020-11-17;22;246;90;39;15;6;19;9;5;4;13;6;7;13;24;8;29;8;9;6;10;9;18;46;15;4;24;6;23;7;9;5;7;22;1;6;0;9;24;3;21;21;2;11;7;1;23;3;4;20;16;4;17;5;1;11;2;5;6;3;0;9;18;8;4;30;3;10;4;12;3;4;11;2;12;10;3;6;3;10;7;8;6;9;4;25;12;12;0;4;9;2;20;29;0;0;1;3;0
2020-11-18;30;250;93;29;5;7;15;10;4;2;18;13;15;15;23;8;31;15;7;8;18;12;21;45;25;6;19;9;10;16;10;17;2;24;5;8;1;14;23;0;12;19;5;11;7;3;18;4;4;11;8;6;6;0;2;2;4;2;6;10;8;16;22;2;6;19;3;4;5;21;0;1;12;5;5;16;5;8;2;13;12;3;4;13;8;14;9;10;0;5;9;2;10;24;0;0;0;0;0
2020-11-19;30;252;60;42;10;5;19;7;2;0;21;9;6;21;16;8;31;2;4;4;10;10;17;57;14;9;26;4;18;11;1;10;2;14;7;4;4;15;20;3;21;18;2;14;1;0;19;1;4;12;9;10;14;1;4;7;4;7;3;9;2;9;18;4;5;31;3;4;1;5;5;2;7;1;8;13;2;10;2;9;10;7;4;16;4;12;8;4;1;2;15;0;11;15;0;0;0;2;0
2020-11-20;23;227;67;31;2;2;21;30;7;1;11;7;5;20;14;2;28;4;5;9;15;6;21;50;14;5;29;10;14;10;3;11;2;33;5;5;1;7;13;2;11;19;7;17;5;3;24;4;4;16;16;4;9;2;0;5;3;16;8;6;7;6;11;0;7;22;2;4;3;11;1;3;4;6;6;16;3;31;1;7;23;3;6;6;3;8;7;3;3;7;8;0;11;15;0;0;0;7;0
2020-11-21;16;220;50;22;3;1;13;9;5;3;17;14;9;11;10;7;26;6;8;4;12;5;13;36;11;7;19;6;19;12;3;6;1;22;3;2;2;2;8;0;9;15;0;17;5;0;22;2;3;7;9;3;11;1;3;10;4;5;2;4;5;7;13;3;7;27;1;1;3;8;3;3;3;8;5;10;1;4;2;4;17;4;14;4;7;7;8;2;0;4;8;4;11;13;0;0;0;1;0
2020-11-22;15;220;64;23;3;0;18;7;1;1;20;5;10;10;12;2;17;1;5;11;7;4;11;52;5;3;17;4;10;10;2;10;2;28;9;2;3;9;18;0;8;25;6;7;4;2;18;2;5;8;15;10;4;1;3;3;4;3;7;11;9;6;12;0;4;22;6;7;4;5;1;3;7;5;4;9;0;9;0;5;15;2;7;10;4;5;9;5;0;7;3;2;10;15;0;0;0;0;0
2020-11-23;16;232;74;36;14;5;30;11;4;2;18;10;14;10;9;6;32;4;8;15;10;4;25;55;12;5;27;7;11;15;5;6;5;21;3;6;2;11;9;0;11;27;3;11;9;4;15;3;4;8;13;5;18;4;7;4;1;10;6;6;7;3;19;0;12;15;7;4;2;4;2;1;2;10;8;13;3;6;2;7;12;2;13;7;0;4;6;6;0;8;7;0;12;7;0;0;0;6;0
2020-11-24;17;264;79;27;6;9;34;9;3;4;36;15;11;18;13;10;18;5;11;9;14;7;14;57;17;11;22;11;15;5;8;18;2;36;5;5;3;11;9;2;25;30;7;18;9;0;25;5;5;12;15;3;19;2;5;6;0;4;6;7;5;4;15;4;2;23;3;6;3;3;2;5;1;2;7;17;0;7;0;7;26;1;6;4;4;10;11;6;1;6;4;3;20;24;0;0;1;1;0
2020-11-25;18;278;85;33;1;3;22;19;6;6;25;10;11;17;23;10;22;6;9;14;16;2;5;41;14;11;36;5;11;11;9;12;2;22;4;5;3;12;15;0;22;22;7;24;6;4;16;1;4;7;17;1;28;1;2;7;1;14;5;6;9;8;14;2;6;12;1;4;3;4;0;3;10;5;6;12;0;2;2;7;31;2;19;9;4;12;10;12;0;8;10;5;9;11;0;0;0;1;0
2020-11-26;27;262;83;32;10;3;12;6;2;5;35;9;14;15;16;4;24;8;17;8;9;6;11;54;21;4;13;3;17;9;10;7;2;32;11;9;3;10;20;0;17;17;1;15;3;2;10;4;0;12;19;4;27;0;6;5;3;7;8;9;7;7;17;2;9;21;6;4;7;4;4;3;8;8;7;22;0;6;2;3;21;6;7;10;4;4;3;4;2;6;4;3;11;5;0;1;0;0;0
2020-11-27;20;259;103;45;3;6;19;11;4;4;29;11;11;12;21;7;14;11;9;19;11;6;7;70;20;5;30;2;13;15;3;7;7;25;6;2;5;16;12;1;16;27;7;11;6;2;18;3;1;3;15;2;15;5;4;8;0;8;16;8;9;4;22;1;11;21;11;3;3;4;0;1;1;4;4;23;3;3;0;3;43;1;9;9;3;6;3;6;0;8;3;1;9;11;0;0;0;2;0
2020-11-28;18;277;85;50;7;1;16;8;3;8;28;4;18;6;11;6;10;10;11;5;17;6;7;45;12;7;24;4;9;8;3;6;7;28;7;0;1;9;11;1;24;21;14;14;8;3;12;3;4;10;16;3;15;7;2;2;4;5;5;3;14;3;10;0;4;17;3;4;2;2;3;0;3;5;8;21;0;2;1;1;12;5;11;10;1;5;3;4;2;8;3;1;12;2;0;0;0;0;0
2020-11-29;20;257;69;43;1;3;16;8;12;3;29;22;17;12;20;2;10;9;5;13;7;5;15;49;11;5;19;0;8;7;6;7;2;30;10;1;4;22;9;2;14;36;7;15;7;1;20;4;2;3;26;1;21;1;4;4;2;5;3;17;18;3;18;0;5;19;3;6;4;1;4;2;4;2;6;13;1;0;2;1;23;0;10;13;2;3;4;3;0;3;4;2;8;3;0;0;0;0;0
2020-11-30;33;288;145;35;12;13;27;12;6;7;36;15;23;15;23;4;9;17;11;18;9;9;13;74;14;18;19;1;22;15;10;11;5;27;12;4;7;20;16;1;26;20;5;8;13;1;31;6;7;10;26;1;24;3;6;5;6;7;3;8;22;5;20;1;13;17;3;6;7;1;6;1;8;2;2;31;1;1;2;2;8;1;17;15;1;9;2;1;0;10;6;1;18;5;0;0;0;0;0
2020-12-01;25;401;121;64;5;8;27;9;12;7;28;18;24;19;34;6;13;4;11;25;10;6;14;72;12;13;25;4;21;13;13;11;2;26;10;1;4;29;24;1;29;31;7;21;5;3;22;7;5;15;36;5;38;3;7;4;5;17;6;9;22;1;26;1;4;26;3;4;1;5;6;0;3;3;15;24;0;1;3;2;20;5;19;14;1;12;4;2;0;4;2;0;14;7;0;0;0;0;0
2020-12-02;30;415;147;59;11;7;36;14;4;3;39;18;29;16;45;6;15;8;21;22;23;13;12;82;12;14;16;0;27;9;19;9;8;23;15;3;7;23;10;1;24;51;11;15;8;2;33;2;1;18;31;3;34;7;6;8;6;6;7;17;35;6;33;0;11;20;2;5;1;4;6;1;9;2;9;28;3;1;1;7;18;0;15;19;3;10;9;12;1;12;4;1;13;3;0;0;0;0;0
2020-12-03;32;409;139;60;15;11;26;19;6;9;26;16;24;11;34;16;21;7;11;12;22;10;16;94;26;16;27;1;36;21;11;9;6;46;9;7;11;25;13;4;23;34;12;18;8;1;30;4;9;17;25;3;48;6;7;7;6;5;7;14;18;0;25;3;13;27;4;8;6;1;10;1;3;0;15;31;1;0;2;3;30;8;18;15;1;13;3;11;0;5;8;0;8;7;0;0;2;0;1
2020-12-04;24;441;193;63;1;7;36;20;8;6;20;24;18;13;47;14;21;7;13;27;22;11;12;62;15;16;26;3;28;18;14;20;8;41;16;3;8;23;21;1;24;32;5;18;10;3;35;2;3;27;23;7;57;5;5;6;5;10;11;25;26;2;24;0;14;20;11;5;4;3;8;2;5;3;21;24;1;2;0;6;20;5;14;31;6;12;8;10;1;9;9;4;2;7;0;0;0;1;0
2020-12-05;36;440;113;63;9;1;29;24;3;9;16;17;30;21;43;4;20;8;7;22;17;24;8;55;12;13;15;4;25;10;11;3;0;39;20;1;9;20;10;0;12;39;7;20;7;1;23;3;4;26;22;4;25;6;3;12;5;16;2;15;29;2;24;4;10;18;1;1;4;4;5;1;2;2;12;35;1;0;1;0;15;3;11;15;2;13;3;7;0;8;4;0;7;5;0;0;0;0;0
2020-12-06;24;475;129;68;10;4;44;17;6;4;29;16;33;12;56;5;15;9;14;26;13;19;13;80;9;23;30;6;27;17;6;5;3;28;18;5;14;24;15;2;15;40;5;29;13;3;29;2;2;30;36;2;54;5;8;13;3;4;8;17;21;1;29;0;12;18;1;3;3;1;6;4;6;2;17;27;0;0;0;4;34;1;5;22;0;18;4;7;6;16;9;3;8;6;0;0;0;0;0
2020-12-07;46;695;196;91;13;10;70;28;13;17;23;32;40;24;74;4;27;26;12;18;20;24;22;102;19;22;25;9;46;20;16;18;6;45;28;11;6;43;11;1;19;49;10;38;8;5;47;14;5;34;30;0;45;17;10;8;4;7;8;11;27;2;24;3;17;43;6;6;6;6;9;6;2;1;27;35;3;2;6;7;34;6;17;18;3;15;8;19;1;22;6;3;8;6;0;0;1;1;0
2020-12-08;53;756;232;121;32;7;67;26;19;13;28;34;59;24;95;16;28;14;23;26;35;41;21;118;24;25;27;5;39;21;13;11;4;71;17;10;7;27;16;4;30;42;13;27;16;5;39;11;8;48;39;7;90;5;17;17;3;14;4;33;17;1;12;0;17;19;6;6;21;4;22;8;7;1;9;26;6;0;7;6;53;11;20;30;1;26;9;15;4;25;6;12;8;5;0;0;0;0;0
2020-12-09;54;767;253;124;20;3;66;27;9;9;30;27;52;40;100;8;26;19;23;24;26;31;22;120;28;29;40;11;33;14;13;13;7;82;26;6;10;38;27;10;27;41;8;29;15;6;44;5;7;53;43;10;50;13;5;12;8;19;8;38;31;2;21;6;20;26;5;7;13;6;14;5;3;3;40;32;2;3;3;5;48;8;23;20;1;18;9;19;2;33;3;6;12;5;0;0;1;1;0
2020-12-10;48;830;279;119;37;4;84;25;12;18;38;34;57;29;73;15;18;27;17;27;27;48;30;80;23;21;34;4;41;23;18;11;11;65;17;6;4;31;25;12;36;48;22;26;8;13;50;6;6;50;29;16;47;18;10;17;11;14;5;7;22;4;33;11;18;19;3;16;22;6;13;5;5;3;24;35;5;18;13;6;42;7;22;18;1;28;6;16;4;21;15;10;13;2;0;0;0;1;0
2020-12-11;61;714;301;123;25;11;66;27;17;18;49;34;54;39;70;19;16;19;36;23;37;45;35;107;18;22;28;6;51;24;16;12;5;57;25;10;5;32;20;6;32;46;17;43;15;6;43;10;7;48;49;8;69;14;4;16;7;25;8;21;28;1;34;4;14;13;6;4;15;4;18;3;4;3;26;53;8;2;8;6;39;9;12;37;1;19;10;26;1;25;7;16;13;4;1;0;1;2;0
2020-12-12;46;731;268;114;21;9;76;19;10;16;37;31;53;34;111;15;14;16;24;22;38;25;21;110;18;35;25;10;44;37;18;6;7;59;31;2;5;19;14;9;30;39;9;29;9;13;37;5;2;45;44;13;59;15;3;12;6;23;8;29;22;3;26;9;22;13;8;6;15;6;12;5;9;2;14;42;3;5;7;3;49;6;32;31;0;29;3;12;2;18;5;4;9;6;0;0;0;0;0
2020-12-13;43;788;215;131;25;6;82;17;18;12;38;32;54;33;63;17;24;18;19;25;25;25;20;107;24;31;37;7;58;35;13;3;11;73;30;1;18;21;29;7;24;53;16;35;10;12;38;5;2;32;62;13;43;7;15;15;7;20;8;18;15;0;40;3;54;14;4;9;14;4;13;4;4;2;24;55;5;8;10;6;42;11;17;29;2;32;7;11;4;15;4;12;12;4;0;0;0;0;0
2020-12-14;64;826;314;141;49;13;77;21;15;25;49;41;48;65;121;21;28;27;20;27;38;38;37;125;31;42;50;12;79;36;20;11;6;70;48;9;9;30;33;10;36;49;15;52;10;16;57;11;14;78;49;16;70;16;21;18;9;31;4;29;27;4;33;5;28;42;5;12;22;7;13;6;18;5;24;59;7;8;12;8;42;13;32;35;2;23;9;19;0;22;7;7;12;7;0;0;1;3;0
2020-12-15;60;863;351;131;47;19;72;20;18;23;49;46;39;47;117;25;48;28;26;35;64;49;47;155;40;53;69;16;63;60;13;13;19;80;29;9;18;34;36;13;45;50;19;58;17;18;46;12;10;67;54;9;74;18;25;13;18;33;13;34;12;5;47;6;43;24;17;8;19;12;32;14;10;13;23;60;7;13;9;1;51;12;28;55;1;41;6;11;3;24;17;10;12;7;0;0;1;0;0
2020-12-16;71;876;293;148;53;21;82;30;16;24;52;51;55;59;128;21;38;27;32;30;62;57;36;166;47;36;74;8;74;67;36;10;19;75;31;8;13;37;33;11;43;60;13;70;20;16;55;15;6;75;59;13;63;12;21;23;15;29;10;28;26;4;32;21;40;18;12;11;23;9;25;17;12;7;30;51;4;11;7;4;46;10;34;48;4;41;8;27;4;29;9;9;26;14;0;1;2;1;0
2020-12-17;43;686;248;113;37;16;66;15;18;9;41;60;34;46;99;19;47;18;25;25;58;54;32;126;41;26;63;17;33;41;20;17;20;57;32;15;21;31;32;19;37;50;16;63;12;17;50;9;6;67;40;6;75;9;22;18;11;31;8;25;21;4;35;8;34;17;19;6;10;4;17;19;12;11;20;51;10;6;17;2;42;6;16;37;3;30;16;22;4;24;9;7;12;13;0;1;0;1;0
2020-12-18;49;586;197;101;28;12;60;12;14;10;33;39;39;49;108;5;44;18;28;31;54;37;27;96;35;40;42;14;55;42;21;10;18;44;30;3;10;35;31;9;30;39;13;30;18;17;45;23;8;58;37;15;51;10;14;14;15;19;4;26;12;4;26;7;34;12;11;12;13;8;16;13;7;15;20;37;16;9;16;2;42;6;18;29;4;26;8;13;2;27;7;7;9;5;0;0;1;0;0
2020-12-19;40;461;203;66;19;10;24;10;13;8;42;41;46;36;110;14;26;28;18;17;52;28;25;84;30;38;28;16;47;31;11;17;20;68;24;6;14;19;16;13;15;27;8;23;12;19;37;21;3;52;31;5;43;17;10;23;13;22;10;29;19;5;26;15;36;16;14;12;11;9;7;7;8;11;20;28;15;11;10;3;41;8;12;19;1;39;8;7;7;18;22;7;12;17;0;1;0;0;0
2020-12-20;34;404;168;82;27;20;40;14;14;10;36;24;29;40;77;16;24;21;15;16;39;32;17;76;12;35;25;14;38;31;14;8;10;47;22;10;19;27;13;24;29;45;14;39;13;18;34;23;5;27;33;4;37;7;22;16;10;24;11;22;10;1;24;13;24;7;6;5;5;4;7;13;7;8;17;29;11;7;6;3;28;13;23;18;2;27;4;8;2;23;3;5;10;12;0;0;0;0;0
2020-12-21;53;497;175;98;26;18;55;22;10;8;39;61;23;59;92;28;47;18;35;22;54;24;39;100;44;37;48;18;28;52;23;15;22;59;23;5;23;24;18;10;34;45;5;34;20;16;37;7;6;31;45;17;52;17;19;17;11;33;17;49;11;10;26;23;34;13;5;13;8;9;15;11;4;6;25;48;11;6;14;5;33;8;12;18;2;35;6;9;2;19;10;11;17;9;0;0;3;1;0
2020-12-22;39;456;198;62;37;14;48;13;15;9;28;30;32;50;97;13;28;12;18;29;52;33;33;63;14;31;34;15;39;36;17;13;10;71;18;9;20;36;18;20;31;46;8;43;19;22;47;10;4;38;29;5;43;21;14;21;9;31;13;31;10;10;37;21;32;17;7;13;5;7;10;9;9;7;28;43;43;6;16;6;33;8;13;33;1;28;6;12;0;16;17;9;6;7;0;0;2;0;0
2020-12-23;47;515;230;94;29;15;45;17;14;6;41;34;27;53;109;27;30;15;20;24;32;28;44;87;22;26;41;18;41;23;16;15;17;51;31;14;9;38;17;15;22;61;5;32;7;19;22;9;7;35;37;4;57;10;13;17;17;43;14;44;19;8;49;31;18;16;8;9;13;7;12;10;7;11;10;40;30;4;12;11;42;6;26;31;4;32;14;17;2;20;5;22;10;16;0;0;0;0;0
2020-12-24;23;207;73;38;5;11;13;9;22;5;40;28;16;6;63;6;23;6;13;20;21;17;21;36;26;10;21;15;18;26;8;7;5;31;15;7;13;17;11;10;13;29;5;11;4;6;18;1;5;13;28;4;10;0;6;8;5;11;10;25;6;4;20;5;14;8;3;4;2;1;3;8;11;2;9;24;20;1;15;5;22;3;19;7;5;17;4;11;2;6;11;5;8;6;0;1;0;0;0
2020-12-25;18;275;77;35;8;6;30;9;6;6;25;32;19;11;51;9;16;5;6;16;33;10;16;53;11;8;17;18;25;19;5;4;5;32;37;10;14;15;14;10;10;21;12;20;8;14;24;8;5;12;27;2;15;3;2;4;7;36;10;26;1;2;30;15;13;12;4;1;5;8;3;5;3;4;7;24;16;5;17;6;24;4;20;19;2;15;3;8;0;8;2;6;1;8;0;0;0;0;0
2020-12-26;44;441;168;61;28;11;38;10;9;5;54;44;24;56;56;13;20;16;13;23;37;30;30;72;25;32;47;9;59;38;26;4;6;50;33;9;18;52;27;21;32;28;12;26;22;25;22;7;4;46;39;10;32;11;9;16;10;41;15;41;21;3;39;29;21;8;6;11;1;5;17;10;12;8;17;55;13;10;12;4;24;9;19;19;2;34;7;9;1;19;4;8;9;7;0;0;1;1;0
2020-12-27;38;327;136;66;15;5;29;11;14;7;32;29;22;48;76;16;27;15;11;11;32;18;18;62;28;24;17;16;22;39;14;5;8;40;27;15;6;15;21;15;20;48;14;30;10;18;19;6;5;33;24;13;34;3;4;6;8;26;9;36;11;2;35;20;23;12;8;24;14;11;4;8;4;5;14;50;8;3;10;2;25;6;19;27;4;23;5;16;1;9;7;2;9;12;0;1;1;5;0
2020-12-28;51;432;200;91;15;18;31;21;22;9;60;42;35;66;96;23;47;29;31;22;49;35;27;52;54;35;26;21;31;23;17;8;12;44;44;20;23;40;17;19;30;29;6;45;35;27;30;5;13;49;35;14;42;19;10;15;12;37;19;44;19;8;39;36;28;14;12;23;4;11;21;17;5;5;15;45;21;19;12;15;28;15;13;20;5;31;9;12;1;27;18;13;10;25;0;1;0;1;0
2020-12-29;44;285;180;52;23;15;39;12;15;8;47;35;21;46;70;9;57;23;16;32;39;25;27;44;45;49;23;10;36;24;12;9;15;33;37;15;9;19;21;9;29;32;7;41;13;27;24;2;7;41;26;14;43;12;12;14;8;40;9;28;22;12;36;15;19;18;0;16;14;7;12;21;9;5;24;33;16;11;10;13;29;7;16;25;0;20;10;14;1;22;8;12;8;18;0;0;4;3;0
2020-12-30;36;346;177;82;27;14;39;18;20;14;43;36;22;67;82;10;36;14;25;29;31;35;29;71;30;13;30;20;26;36;26;14;10;51;37;10;31;16;30;19;22;52;15;44;21;17;34;2;10;40;32;17;71;20;15;18;14;44;17;37;21;5;30;32;20;21;4;18;19;8;11;10;9;13;13;29;10;10;7;9;26;15;21;35;4;43;6;7;2;20;8;12;7;12;0;1;0;1;0
2020-12-31;18;182;86;26;4;1;30;8;8;3;22;20;10;21;40;6;22;8;11;13;12;8;8;25;29;12;14;7;15;20;5;7;5;21;16;17;4;17;12;15;9;13;10;17;2;9;6;2;5;14;18;5;21;4;1;10;8;10;4;25;2;4;12;9;18;9;5;7;4;2;2;8;6;5;4;17;5;4;10;6;7;6;19;8;0;16;1;2;0;3;5;4;6;4;0;1;0;0;0
2021-01-01;14;183;75;33;4;8;22;2;16;6;24;8;17;10;37;6;15;14;7;7;11;12;14;26;21;7;20;7;12;14;6;9;7;19;24;2;9;19;22;13;12;19;5;8;2;11;7;0;6;25;18;2;14;4;3;16;6;12;6;13;6;4;20;5;16;6;3;6;7;1;5;5;2;2;11;23;6;5;8;3;10;2;17;12;0;12;0;10;0;3;1;6;6;5;0;2;0;1;0
2021-01-02;29;262;157;58;8;6;45;8;19;3;46;18;14;45;65;11;26;20;12;8;30;29;24;71;30;26;19;22;23;15;13;9;10;34;47;7;16;24;16;25;31;50;4;22;8;14;10;0;6;42;28;7;31;10;5;12;12;14;7;33;9;2;20;19;10;16;4;19;10;8;6;11;5;6;15;36;8;7;10;4;12;11;16;8;2;16;2;12;2;8;1;15;5;3;0;0;0;3;0
2021-01-03;20;277;111;32;11;10;21;8;7;0;25;22;19;25;57;10;28;19;14;11;24;17;23;40;26;17;14;14;17;16;5;4;8;28;22;19;4;9;11;16;23;27;8;13;4;10;14;1;2;34;16;8;36;10;2;5;7;18;7;28;4;5;20;24;10;5;8;32;7;5;2;7;7;7;12;31;7;10;12;3;26;6;10;11;0;13;3;13;1;8;1;6;6;7;0;1;0;0;0
2021-01-04;30;360;204;51;9;16;21;16;11;2;33;26;21;41;85;10;47;30;21;15;39;51;30;67;30;22;21;12;33;15;13;14;7;58;26;21;15;30;15;17;29;42;18;40;10;14;17;3;22;31;29;8;37;25;15;12;8;17;14;23;11;3;37;21;29;12;4;35;6;10;8;9;7;2;11;41;9;6;13;13;20;2;24;29;0;29;7;7;0;13;0;12;12;20;1;1;0;3;0
2021-01-05;28;267;129;46;19;10;33;8;12;2;38;24;15;39;49;6;37;15;13;7;38;38;24;55;18;12;19;12;22;14;9;12;5;36;19;13;12;27;21;22;28;29;13;31;9;15;10;6;4;17;20;3;43;7;11;9;4;23;4;19;11;5;28;15;16;9;7;15;3;5;11;14;6;2;16;34;15;5;14;13;16;7;36;21;1;9;3;6;0;14;6;3;6;12;0;0;0;6;0
2021-01-06;36;239;117;39;12;11;17;9;7;3;43;14;8;28;51;6;13;8;14;13;17;27;19;38;35;9;23;14;12;15;10;5;4;32;17;6;16;14;7;14;18;30;11;22;7;19;19;3;2;18;20;3;23;9;11;3;6;19;9;14;9;2;25;30;14;6;5;19;10;5;6;5;3;8;10;29;4;12;19;16;13;3;18;21;4;8;2;5;1;9;3;13;3;14;1;0;0;4;0
2021-01-07;23;211;168;25;19;17;18;5;4;2;27;25;10;42;46;5;27;12;8;9;20;26;26;33;15;14;29;9;11;9;8;14;13;21;14;12;11;16;9;16;29;17;4;15;5;9;6;10;6;20;21;5;25;8;3;5;4;18;5;14;7;4;13;18;9;6;7;13;1;7;6;8;8;3;10;22;2;7;11;11;16;10;23;16;2;12;0;13;0;13;3;20;2;11;0;2;0;4;0
2021-01-08;27;203;105;38;14;7;14;6;2;1;21;13;10;27;42;5;27;5;8;10;20;25;25;45;22;17;28;4;26;14;6;18;9;17;14;5;9;14;11;11;21;21;9;12;5;11;17;10;4;16;11;5;31;5;0;7;5;11;6;10;6;4;12;17;22;10;0;8;3;4;6;3;2;6;12;30;9;7;6;8;11;2;20;29;1;7;3;5;0;7;3;7;6;6;0;1;0;1;0
2021-01-09;22;139;78;22;24;2;15;5;3;5;24;14;12;18;35;8;33;8;12;12;26;23;11;41;20;15;13;13;23;8;3;6;3;22;16;5;4;10;7;7;25;14;6;14;6;13;7;1;2;11;11;5;19;5;5;2;5;12;6;12;5;2;13;13;11;13;3;12;1;5;6;6;9;3;4;25;8;1;12;3;15;3;16;12;0;12;1;5;0;2;2;4;2;12;0;1;0;0;0
2021-01-10;20;126;62;20;11;8;19;6;3;1;25;8;4;11;27;2;15;10;5;7;14;22;8;44;15;14;15;10;9;12;6;3;4;17;17;4;3;14;10;9;13;14;2;13;3;9;4;9;2;13;11;8;14;3;0;2;1;8;2;11;5;2;25;9;7;8;1;7;4;2;9;2;2;2;5;13;6;0;5;3;11;4;14;9;1;16;1;3;0;4;3;14;5;5;0;0;0;0;0
2021-01-11;29;181;77;26;15;14;11;6;11;3;29;16;7;28;38;10;22;5;21;8;29;19;15;28;12;15;19;6;37;8;8;10;3;33;7;17;3;15;15;12;12;18;3;20;3;5;11;3;7;12;12;6;14;2;7;8;6;8;4;5;6;2;13;8;31;10;3;8;3;7;15;5;3;6;10;26;7;5;11;9;18;11;14;12;1;23;2;2;1;10;2;7;2;12;0;1;0;0;0
2021-01-12;18;223;64;24;14;6;18;1;4;4;27;12;15;20;31;7;13;7;18;9;13;28;8;35;16;21;23;2;9;6;16;7;0;29;11;7;5;10;2;5;7;21;8;15;11;21;10;5;3;21;8;1;32;4;3;10;4;8;2;8;7;1;15;13;13;8;1;14;2;2;7;7;3;7;8;20;5;3;12;3;18;4;17;10;1;13;2;2;1;12;5;8;3;6;0;3;0;0;0
2021-01-13;18;162;60;45;13;10;18;5;1;5;6;7;13;9;26;5;16;4;7;19;11;19;11;34;15;15;9;9;15;8;4;8;4;22;10;4;6;16;6;14;13;13;3;17;7;3;17;4;2;9;10;8;10;2;5;1;3;12;3;7;5;3;12;15;12;2;1;18;8;3;9;3;5;15;8;27;3;4;6;8;11;5;16;13;1;11;1;4;0;9;3;14;5;7;0;0;0;0;0
2021-01-14;25;149;71;21;11;12;10;1;2;9;16;12;15;11;33;3;24;1;5;11;10;15;13;31;5;28;13;4;12;8;2;7;2;18;8;1;7;1;7;12;17;9;7;15;8;6;11;4;6;16;12;9;14;1;6;1;5;8;1;4;7;1;9;13;14;5;0;7;1;3;5;9;4;4;5;15;3;2;5;8;6;6;20;7;0;7;0;2;0;1;5;8;4;7;0;1;0;0;0
2021-01-15;15;138;36;16;10;6;15;5;5;2;9;7;6;10;15;4;10;5;7;3;5;20;11;25;2;18;7;14;16;9;2;8;3;13;12;8;4;14;7;13;10;13;3;17;3;7;1;5;0;7;13;4;9;3;1;1;4;9;7;9;2;1;13;10;4;4;0;19;2;1;9;3;1;5;5;12;4;1;6;6;20;2;16;6;1;12;2;5;1;2;1;4;1;2;0;1;0;0;0
2021-01-16;15;122;22;10;5;5;8;0;2;1;21;3;6;11;26;4;21;1;8;5;6;13;6;28;3;13;14;5;16;3;8;5;1;12;5;2;3;8;1;5;5;11;6;9;4;13;3;5;2;5;9;2;8;2;0;5;2;15;3;3;4;0;12;13;5;3;1;11;2;3;2;1;6;3;3;18;2;2;7;3;7;0;14;14;0;5;0;0;1;0;1;4;1;3;0;2;0;0;0
2021-01-17;20;110;28;12;4;6;8;0;1;4;16;9;7;7;21;3;8;2;8;6;13;12;9;26;5;8;6;2;11;8;5;8;2;15;5;3;0;4;3;5;6;6;2;15;6;3;7;1;2;5;11;1;13;1;2;1;1;6;5;3;2;1;8;7;6;1;0;3;0;1;5;3;2;4;2;8;5;3;7;4;4;4;17;17;1;7;2;6;0;2;3;4;2;2;0;0;0;0;0
2021-01-18;17;133;45;18;4;5;11;1;0;4;11;10;9;10;31;8;21;3;7;14;10;15;21;30;12;13;14;8;15;11;7;4;2;10;7;3;5;8;6;8;8;19;4;17;15;4;10;3;3;8;10;2;2;6;4;2;3;8;4;2;8;1;15;7;20;2;0;7;3;2;10;4;2;0;4;34;3;3;5;5;15;2;14;10;1;8;1;3;1;3;2;4;2;12;0;0;1;0;0
2021-01-19;19;123;30;11;5;2;13;7;3;4;20;6;9;18;26;2;23;6;6;7;10;22;14;35;10;5;15;8;14;10;7;15;4;11;7;7;1;5;11;8;5;17;3;9;7;19;4;1;3;7;8;5;7;0;6;2;3;28;3;13;7;1;23;11;7;4;2;10;3;0;9;7;3;5;3;14;11;0;13;7;13;1;8;9;0;8;0;1;1;5;6;2;0;9;0;0;0;0;0
2021-01-20;20;115;28;18;4;3;16;5;2;5;8;1;8;10;26;3;11;6;3;4;4;13;22;21;0;15;9;5;15;8;8;6;4;18;14;4;4;8;6;12;8;10;2;18;9;6;7;0;4;12;4;7;8;4;7;3;6;7;2;3;5;5;8;11;3;3;0;10;1;2;5;2;3;6;2;15;1;2;8;3;6;2;8;10;0;3;2;3;1;8;4;2;3;6;0;0;0;0;1
2021-01-21;25;128;38;21;12;5;10;4;4;6;9;4;9;21;30;8;22;9;7;15;8;14;7;29;8;6;20;7;8;10;6;5;3;13;4;6;3;4;5;5;7;11;5;11;7;7;7;0;5;5;8;6;8;5;0;2;4;9;3;4;7;0;17;8;5;7;1;7;0;1;2;1;0;3;5;24;5;3;10;0;4;1;9;12;0;8;1;9;1;5;1;2;10;7;0;0;0;0;0
2021-01-22;15;99;32;10;6;1;5;2;2;8;5;2;4;12;23;6;13;1;3;4;6;9;10;27;8;7;4;6;6;5;4;7;4;15;11;5;7;10;2;19;7;11;3;15;8;9;7;6;2;4;3;2;10;3;1;3;7;8;1;2;9;0;9;7;3;4;0;3;5;1;6;1;3;8;7;25;10;5;2;4;11;7;7;7;0;1;0;9;1;4;0;5;1;6;0;0;0;0;0
2021-01-23;21;101;27;13;2;0;6;4;3;3;6;3;4;11;20;1;12;5;6;5;6;12;13;19;7;3;6;4;6;6;4;2;10;10;0;3;5;8;3;6;5;12;2;9;5;5;3;1;2;7;2;6;5;1;3;2;1;6;3;6;5;2;6;1;7;1;4;3;5;1;4;0;3;1;0;11;6;0;7;0;10;3;5;10;0;4;0;2;0;3;1;0;1;12;0;0;0;0;0
2021-01-24;13;88;17;9;2;2;6;7;3;1;2;3;5;9;21;8;12;6;5;10;4;7;1;12;3;6;8;5;7;7;3;3;6;12;5;5;2;5;5;6;2;15;1;12;5;3;8;1;2;4;6;2;3;3;1;1;3;2;3;2;3;0;10;3;3;2;0;4;1;0;3;5;0;2;2;8;5;0;9;0;4;1;11;2;0;2;0;2;0;1;0;2;0;5;0;0;0;0;0
2021-01-25;15;121;12;13;1;7;5;2;2;1;12;3;9;10;23;11;12;2;7;7;18;16;8;14;8;5;10;3;4;3;4;5;12;17;1;6;7;4;6;6;6;17;5;17;6;7;7;4;4;6;8;0;11;7;1;7;10;8;6;5;1;0;9;7;5;5;1;4;1;1;7;2;3;1;9;22;0;1;3;2;6;3;7;5;1;6;0;6;0;6;1;3;5;10;0;0;0;0;0
2021-01-26;20;99;30;11;7;2;13;2;1;0;9;7;8;9;30;3;15;1;7;2;20;16;2;17;12;2;7;4;10;4;5;6;6;11;6;5;6;2;4;6;6;11;2;10;7;9;3;0;8;7;8;2;8;1;6;4;2;8;4;5;2;1;5;1;5;2;2;7;3;2;4;3;2;2;5;9;4;0;12;0;7;6;4;9;0;11;2;6;0;3;0;2;8;8;0;0;0;0;0
2021-01-27;7;85;11;15;5;2;4;2;5;3;4;3;3;10;17;7;8;3;5;3;5;8;9;12;4;7;6;2;1;3;1;3;4;19;4;3;2;2;5;3;6;8;3;21;9;7;7;2;4;8;5;3;8;4;3;2;3;3;3;1;0;1;13;5;0;0;1;2;2;1;2;1;0;3;4;17;0;0;4;1;5;0;13;6;2;5;0;5;0;6;1;1;1;13;0;0;0;0;0
2021-01-28;10;70;19;10;2;1;9;3;0;5;12;2;10;3;19;5;9;1;4;5;15;11;2;11;4;5;8;4;3;9;4;2;3;11;1;4;1;4;4;4;3;16;1;7;7;2;4;3;5;7;8;8;8;1;4;2;3;3;1;3;1;1;7;3;1;2;1;0;3;0;2;1;2;1;3;9;5;2;5;1;2;1;10;4;1;9;0;3;2;2;2;0;1;6;0;0;0;0;0
2021-01-29;8;70;8;11;3;4;11;1;2;1;6;4;3;1;15;2;5;2;2;7;12;2;6;3;0;5;3;5;1;4;1;3;3;5;1;9;2;2;2;2;8;4;3;8;4;3;5;5;4;6;4;4;5;2;3;7;3;7;7;0;2;1;4;1;3;2;0;2;0;0;0;1;0;0;1;16;1;3;6;2;2;2;2;3;3;2;1;0;1;6;1;0;1;3;0;0;0;0;0
2021-01-30;14;64;14;11;1;0;1;0;1;1;3;3;4;8;16;1;8;0;3;4;4;3;3;20;1;1;6;2;5;1;0;3;3;8;0;4;2;3;1;2;10;6;3;9;5;2;4;0;0;2;3;1;3;2;0;1;0;4;1;3;1;0;4;1;6;3;2;4;0;0;3;1;1;3;1;4;0;1;0;2;5;3;7;1;0;6;0;1;1;1;0;1;0;7;0;0;0;0;0
2021-01-31;4;62;16;4;3;2;8;0;0;1;1;7;6;2;12;1;8;0;6;5;10;5;8;13;1;2;3;1;8;7;4;2;2;15;2;2;2;4;4;6;4;2;2;6;3;3;5;1;2;3;5;1;8;1;4;5;2;10;1;1;3;1;8;4;1;0;1;1;1;4;2;1;1;1;4;2;0;3;2;1;3;0;1;3;0;3;0;1;0;1;1;2;3;3;0;0;0;0;0
2021-02-01;8;67;20;9;1;0;7;4;0;0;5;3;2;7;14;4;4;0;6;4;12;6;10;16;3;4;5;0;1;2;1;1;1;9;3;3;2;3;2;3;11;12;5;22;2;2;5;1;4;5;8;2;10;0;3;10;2;9;6;3;1;2;10;5;8;4;2;5;1;1;1;0;2;1;4;10;0;5;10;0;4;5;4;4;0;6;1;3;0;3;2;3;0;13;0;0;1;0;2
2021-02-02;9;85;17;10;3;3;4;3;2;0;4;2;4;11;18;4;5;1;3;1;10;5;9;11;2;8;7;2;4;3;0;6;14;5;2;2;1;4;3;2;9;13;2;9;2;4;2;2;7;8;6;0;7;1;1;7;1;0;2;2;4;0;3;5;6;1;1;4;5;3;2;2;2;2;2;13;5;3;4;0;9;2;6;3;0;3;0;0;2;3;0;0;0;11;0;0;0;0;0
2021-02-03;9;53;17;3;2;1;3;5;0;0;3;1;1;9;15;3;11;4;7;3;9;7;8;21;3;4;0;1;2;8;4;2;7;3;0;2;0;4;5;4;6;5;1;11;2;0;5;0;7;4;2;0;6;0;1;8;0;10;10;1;3;2;5;6;7;3;0;1;0;0;1;0;4;2;1;11;4;2;3;0;5;3;7;8;1;5;0;0;1;4;2;5;1;4;0;0;0;0;0
2021-02-04;8;75;20;5;3;1;7;5;3;0;3;3;2;6;13;5;1;3;5;5;12;4;3;14;3;5;3;4;2;0;1;4;1;8;1;3;0;4;1;1;5;5;1;9;2;4;4;0;7;9;5;1;11;1;3;8;4;5;5;0;3;2;12;2;11;9;2;2;0;1;0;2;1;1;0;14;2;2;0;0;9;2;1;5;0;3;0;1;0;2;1;5;4;1;0;0;3;0;0
2021-02-05;2;56;21;9;1;0;4;2;2;1;6;1;5;2;9;5;6;1;7;2;13;3;6;11;3;0;4;0;2;3;1;0;10;6;0;0;2;4;3;3;12;6;1;12;3;2;4;0;8;3;6;3;9;2;6;6;3;4;9;2;1;1;7;2;7;6;1;0;3;2;1;2;1;0;0;4;4;4;5;0;0;3;3;11;0;4;0;1;0;1;0;4;3;6;0;0;0;0;0
2021-02-06;4;54;13;13;2;2;3;4;1;2;2;3;2;12;11;1;6;0;6;3;6;1;10;10;4;2;6;2;0;1;4;3;5;8;9;1;0;4;1;0;14;6;3;4;2;7;4;1;8;12;2;1;6;0;0;11;6;4;5;1;2;5;5;1;3;1;0;1;0;1;2;1;3;4;2;17;4;3;4;1;4;10;4;12;0;1;0;3;0;2;2;1;5;3;0;0;0;0;0
2021-02-07;4;39;15;8;1;1;7;2;1;2;2;4;2;4;11;8;5;0;4;3;16;2;3;16;11;5;7;0;1;1;0;4;3;5;2;1;1;3;2;2;17;13;3;3;0;2;3;0;4;2;4;1;6;2;0;5;7;0;5;0;0;1;5;2;8;0;0;2;2;4;2;0;1;3;2;15;4;3;4;0;4;4;9;9;0;2;0;1;0;0;1;2;7;2;0;0;1;0;0
2021-02-08;7;54;8;9;1;2;7;9;2;2;7;2;3;8;8;1;4;1;5;0;16;5;9;8;3;3;5;2;2;4;4;0;7;5;3;1;0;2;9;1;13;4;0;11;6;0;0;1;5;4;5;3;10;4;8;11;2;2;4;3;1;1;3;7;3;4;2;0;1;1;2;0;3;2;5;13;4;3;5;1;6;1;5;8;0;3;0;4;0;7;2;8;3;3;0;0;0;0;0
2021-02-09;11;66;10;3;2;3;6;2;2;0;7;5;8;7;14;6;2;1;4;3;7;6;26;8;13;6;5;1;1;3;2;7;4;6;2;1;1;3;5;0;16;7;1;4;5;2;3;1;7;5;1;2;9;6;5;8;1;7;11;1;0;0;5;6;5;1;1;1;0;0;0;0;0;4;2;8;1;2;7;0;8;3;3;11;1;0;0;3;0;2;1;1;6;2;0;1;0;0;0
2021-02-10;3;55;11;11;2;2;6;0;0;1;2;6;4;2;16;3;4;3;14;6;11;4;17;9;12;3;9;2;6;5;2;6;3;5;2;0;0;2;8;2;12;9;0;9;2;0;2;0;6;9;2;2;7;6;4;6;1;1;3;7;2;1;6;8;6;2;1;1;2;0;1;1;3;6;2;3;4;1;4;4;2;0;3;10;2;3;1;4;0;6;0;1;7;1;0;0;0;0;0
2021-02-11;3;58;13;6;1;1;7;8;0;0;2;2;4;16;10;2;2;0;4;1;10;4;8;4;12;1;4;2;2;2;4;4;4;3;3;3;0;3;5;2;12;7;1;9;2;1;1;1;4;1;6;1;9;6;1;10;1;3;3;2;0;0;5;2;0;1;1;1;0;0;2;0;0;1;6;7;2;1;1;0;3;0;3;11;3;2;0;2;0;2;0;0;5;5;0;0;0;0;0
2021-02-12;7;42;5;5;1;2;9;1;0;1;3;5;13;8;12;0;6;1;4;4;8;3;8;6;11;1;2;1;1;4;6;2;1;3;1;1;1;3;4;0;8;3;2;5;2;0;4;0;2;3;0;0;3;3;1;3;1;0;4;0;2;1;7;3;1;0;0;1;2;0;0;1;0;7;1;2;5;0;2;2;6;3;4;11;0;4;0;1;0;1;0;2;0;2;0;0;0;0;0
2021-02-13;5;52;11;3;0;1;7;5;4;1;1;4;2;7;15;1;1;3;0;1;3;1;35;8;8;2;6;3;1;1;0;5;1;3;1;1;0;4;3;1;8;4;1;2;1;0;2;0;7;3;3;1;4;0;1;6;1;2;3;0;0;0;6;2;2;3;2;0;3;1;0;1;1;6;1;8;1;0;1;2;5;1;5;2;0;2;0;1;0;1;1;4;6;4;0;0;0;0;0
2021-02-14;7;49;4;6;1;3;5;1;1;0;1;0;3;11;19;3;2;1;3;2;6;3;20;29;7;1;7;3;0;2;2;2;5;1;1;5;0;6;3;2;8;2;4;6;0;0;1;0;4;5;2;1;5;0;0;2;1;4;1;3;0;0;5;3;2;1;1;3;2;0;2;0;1;2;3;9;1;0;4;1;3;1;2;6;1;0;1;1;0;1;0;0;4;1;0;0;0;0;0
2021-02-15;10;66;11;9;0;2;4;2;0;2;4;5;6;4;16;1;0;2;2;7;8;4;35;10;14;1;4;10;4;3;3;8;9;5;0;1;0;4;3;0;10;5;1;6;1;1;0;4;1;8;5;0;2;4;0;2;1;2;1;0;0;0;3;2;0;1;0;0;3;1;0;2;1;4;3;5;4;0;5;1;4;2;2;5;4;4;1;1;1;3;0;0;2;0;0;0;0;0;0
2021-02-16;6;66;17;5;1;5;1;0;2;0;7;5;4;12;9;1;4;2;1;4;5;5;58;35;8;9;12;18;3;5;7;16;3;7;0;1;0;5;4;0;10;5;0;6;1;2;1;1;6;18;4;2;11;1;2;6;0;4;2;3;1;1;9;1;0;3;6;1;2;0;0;2;0;2;3;9;4;0;1;1;7;2;2;5;0;3;0;2;0;1;0;1;4;3;0;0;0;0;0
2021-02-17;7;67;18;8;2;0;4;0;0;3;5;1;2;7;16;2;4;0;1;7;7;4;51;38;15;4;11;14;3;2;4;14;3;12;1;3;1;4;4;0;9;6;4;2;1;0;2;0;7;6;7;0;4;3;2;0;4;4;3;2;0;2;6;3;1;1;2;0;4;2;0;1;4;2;2;6;2;1;3;0;7;1;7;5;0;6;1;2;0;4;0;2;1;6;0;0;0;0;0
2021-02-18;3;47;26;2;0;2;3;1;1;0;13;1;1;6;35;1;2;3;2;9;6;10;37;36;9;5;16;16;5;3;7;11;4;9;1;7;0;4;5;6;9;5;2;11;2;1;2;3;7;11;4;1;10;1;3;6;2;1;1;2;0;3;1;2;1;3;5;5;2;1;0;1;1;11;3;6;4;0;4;4;5;1;1;9;0;5;1;4;1;5;1;5;2;6;1;0;0;0;0
2021-02-19;9;73;11;8;3;2;7;0;0;1;6;1;5;11;10;7;6;0;0;8;7;13;30;27;6;4;14;5;4;2;2;4;4;6;1;9;0;3;9;1;6;5;2;8;2;2;3;2;3;4;5;0;7;7;0;2;1;6;2;2;0;0;4;3;2;1;1;1;2;0;0;1;1;0;3;12;4;4;2;2;4;0;1;4;0;5;0;1;0;5;0;0;1;3;0;0;0;0;0
2021-02-20;10;63;16;5;0;0;3;1;0;1;6;4;3;11;17;0;1;1;2;7;5;5;40;17;11;4;14;8;4;2;9;4;4;11;0;5;0;0;3;2;5;4;0;1;2;1;1;3;10;7;5;0;7;4;0;5;0;2;3;0;1;1;8;1;1;3;3;0;0;6;1;0;1;2;0;5;1;0;2;1;5;0;4;2;0;6;2;4;1;3;1;1;3;2;0;0;0;0;0
2021-02-21;6;46;22;8;1;0;7;1;1;0;7;2;5;9;12;0;4;5;4;4;8;8;33;45;7;7;16;8;8;2;1;5;4;4;0;2;2;0;10;0;9;7;3;6;2;1;5;1;5;6;7;1;9;3;1;3;1;4;0;2;0;4;6;3;0;2;8;0;1;0;0;0;1;0;0;6;1;0;4;3;5;0;4;11;3;6;0;1;1;2;0;1;2;2;0;0;2;0;0
2021-02-22;12;64;18;3;2;2;5;1;0;2;12;2;2;7;25;4;2;3;1;8;8;8;50;41;12;1;17;7;6;1;6;6;9;10;1;3;0;7;12;0;10;6;2;11;3;0;0;1;15;6;4;0;13;4;2;4;0;1;2;1;1;2;4;2;0;6;6;1;1;2;3;0;2;0;7;24;0;1;10;1;5;2;7;6;0;1;1;3;0;11;0;1;5;1;0;0;0;0;0
2021-02-23;6;95;18;10;3;0;7;1;0;0;10;7;2;15;26;3;5;0;3;6;13;12;35;29;8;2;25;8;4;6;3;9;3;7;1;1;1;8;3;1;8;10;1;11;2;0;5;1;10;4;7;0;18;1;5;5;1;3;2;3;0;1;3;4;0;2;1;3;0;0;1;2;0;0;3;13;0;0;5;3;3;2;15;19;1;6;0;10;0;6;0;0;1;2;0;0;0;0;0
2021-02-24;10;82;23;5;0;4;7;4;0;1;4;9;7;7;12;1;5;2;7;7;10;10;31;33;5;2;20;8;4;6;7;1;8;11;2;6;1;4;2;1;6;6;6;14;1;1;2;0;3;4;5;0;11;0;2;4;0;0;0;3;0;2;3;0;0;2;3;3;1;0;5;0;1;1;11;16;0;1;7;3;10;1;6;7;2;2;0;3;0;5;0;0;4;0;0;0;0;0;0
2021-02-25;8;78;10;6;2;4;17;5;0;0;7;5;5;6;16;2;1;0;3;7;15;10;29;21;5;1;26;2;1;10;6;4;5;3;1;1;2;5;7;1;7;10;1;8;6;1;2;0;5;8;2;2;16;3;3;3;2;2;0;4;2;1;10;1;2;2;1;1;1;0;9;0;3;0;5;11;2;0;6;2;5;1;8;16;0;4;1;5;2;3;0;0;5;0;0;0;0;0;0
2021-02-26;8;88;13;7;2;0;8;0;2;0;6;2;1;9;10;1;7;3;8;9;10;5;22;33;2;0;23;3;8;4;2;10;6;15;3;2;0;4;4;1;4;11;7;8;1;0;1;1;8;7;5;0;11;3;0;5;0;2;1;1;0;0;7;0;0;0;2;0;0;0;3;0;2;3;2;12;1;1;3;0;3;2;5;7;2;5;0;4;1;1;0;1;3;2;0;0;0;0;0
2021-02-27;10;64;13;3;2;2;5;1;0;1;13;2;5;5;15;1;4;0;2;0;7;6;17;28;7;1;22;2;7;4;1;1;2;13;4;0;1;8;2;0;9;11;1;6;1;0;3;0;4;6;2;1;10;4;0;0;1;0;2;3;1;1;4;0;1;0;1;1;0;0;2;1;1;1;6;10;1;0;1;0;5;0;11;15;0;2;1;0;1;2;0;0;6;2;0;0;0;0;0
2021-02-28;6;92;16;6;2;1;7;1;4;1;11;4;1;5;22;6;6;0;0;5;3;5;14;48;5;1;24;1;4;7;3;2;0;10;2;2;2;4;3;0;3;9;1;4;1;0;2;1;6;6;2;2;10;3;0;1;0;2;2;1;4;2;7;0;1;0;0;0;1;2;0;0;1;0;7;6;0;0;2;2;8;0;16;7;1;5;0;0;0;0;0;2;4;1;0;0;0;0;0
2021-03-01;23;110;22;9;0;1;9;3;1;2;6;6;7;15;24;1;8;0;3;6;14;9;19;31;6;1;26;9;8;10;2;2;3;12;6;6;0;11;2;0;6;4;0;8;2;1;1;0;4;9;7;0;8;2;1;2;1;1;4;5;5;1;9;0;2;0;1;5;1;1;3;0;4;0;4;9;0;0;3;1;11;1;4;5;1;5;0;0;1;3;0;1;5;2;0;0;0;0;0
2021-03-02;10;96;17;9;0;1;6;1;1;1;9;6;3;20;12;3;19;0;0;4;6;12;24;39;16;2;21;2;2;11;4;6;2;5;9;3;1;3;4;0;10;11;1;7;2;2;7;1;6;12;6;0;4;1;1;3;0;1;1;2;9;3;7;0;3;1;1;3;1;0;5;0;6;0;6;21;2;0;2;1;1;1;13;12;0;1;1;0;0;2;0;0;12;7;0;0;0;0;0
2021-03-03;9;71;15;8;4;0;6;1;1;3;9;4;2;17;15;3;24;1;5;4;5;6;27;26;5;6;34;2;2;15;0;4;2;5;6;2;1;6;2;0;17;9;1;5;0;3;2;6;2;3;4;2;8;2;0;0;0;4;5;9;6;3;5;0;1;0;1;1;0;2;6;0;7;0;4;10;1;0;4;0;4;0;20;5;0;0;1;0;3;5;2;0;3;2;0;0;0;0;0
2021-03-04;12;84;11;11;2;1;7;1;0;0;9;4;3;16;17;2;6;0;2;1;8;9;17;23;2;1;19;2;9;7;1;6;2;6;9;7;0;6;4;0;7;13;1;5;2;0;11;3;9;6;2;2;4;0;0;0;0;1;2;3;4;2;6;0;0;0;0;0;1;1;2;1;5;0;3;7;0;0;0;4;8;0;11;5;0;5;1;0;0;5;0;0;5;3;0;1;0;0;0
2021-03-05;5;80;11;3;2;0;2;2;2;0;6;11;0;12;12;2;18;0;4;4;6;7;12;19;4;3;21;2;10;6;2;5;7;11;4;4;2;2;2;0;7;8;1;4;2;1;3;0;4;14;8;0;7;4;0;1;0;2;1;0;5;2;4;2;2;0;4;1;1;2;2;0;8;1;2;13;2;0;2;5;9;1;6;4;0;0;1;0;2;2;0;1;6;1;0;0;1;0;0
2021-03-06;13;73;9;14;1;0;4;4;3;0;3;6;2;12;9;4;20;0;2;6;8;7;17;24;3;4;22;4;5;6;0;0;2;15;5;1;1;4;1;0;6;2;1;2;1;1;0;1;7;2;5;1;7;0;0;1;1;5;0;4;6;3;4;0;3;1;1;4;1;3;0;0;2;0;5;13;1;0;3;0;3;1;6;6;0;5;0;0;0;2;1;0;7;1;0;0;0;0;0
2021-03-07;2;16;4;1;1;0;1;0;0;0;4;2;0;3;0;0;7;0;0;0;1;3;5;1;1;0;1;0;2;2;0;0;1;0;2;0;0;1;2;1;3;2;0;1;0;0;0;0;0;6;0;0;2;1;0;0;0;0;2;1;1;0;3;0;0;0;0;0;0;0;0;0;0;0;2;6;1;0;0;0;1;0;0;2;0;2;0;0;0;0;1;1;2;0;0;0;0;0;0
